date,Fund_A,Fund_B,Fund_C
2015-01-30,5035236,763660000,134971282
2015-02-02,5042147,763660000,135084706
2015-02-03,5042147,763660000,136882443
2015-02-04,5167825,763660000,136554605
2015-02-05,5242297,763660000,138185766
2015-02-06,5244102,763660000,138251532
2015-02-09,5259021,763660000,138206178
2015-02-10,5311089,763660000,139517638
2015-02-11,5329607,763660000,140425845
2015-02-12,5372509,763660000,141628481
2015-02-13,5436776,763660000,142284462
2015-02-16,5450739,763660000,142284462
2015-02-17,5444786,763660000,142771690
2015-02-18,5504556,763660000,143215975
2015-02-19,5520576,763660000,143865327
2015-02-20,5574310,763660000,145017143
2015-02-23,5710742,763660000,144713859
2015-02-24,5817660,763660000,145149261
2015-02-25,5841969,763660000,145936304
2015-02-26,5965756,763660000,146046927
2015-02-27,5959302,777170000,145305676
2015-03-02,6049350,777170000,146343303
2015-03-03,6153703,777170000,144816426
2015-03-04,6170264,777170000,144609000
2015-03-05,6205803,777170000,140197867
2015-03-06,6238965,777170000,137787540
2015-03-09,6271431,777170000,137490588
2015-03-10,6240535,777170000,134718183
2015-03-11,6326423,777170000,134848382
2015-03-12,6396155,777170000,134280312
2015-03-13,6437562,777170000,134290781
2015-03-16,6482011,777170000,136302534
2015-03-17,6448303,777170000,140459071
2015-03-18,6451169,777170000,140165265
2015-03-19,6511196,777170000,139961208
2015-03-20,6509574,777170000,141624763
2015-03-23,6473821,777170000,139653492
2015-03-24,6532132,777170000,138936137
2015-03-25,6440818,777170000,136406635
2015-03-26,6474075,777170000,135157944
2015-03-27,6492409,777170000,135294945
2015-03-30,6534945,777170000,136766127
2015-03-31,6556673,768280000,135323614
2015-04-01,6526173,768280000,134555181
2015-04-02,6570329,768280000,134194008
2015-04-03,6570329,768280000,134194008
2015-04-06,6570329,768280000,135170088
2015-04-07,6623681,768280000,133403672
2015-04-08,6644920,768280000,133723867
2015-04-09,6831048,768280000,133629390
2015-04-10,6907298,768280000,134134386
2015-04-13,6910198,768280000,133349880
2015-04-14,6896550,768280000,133197522
2015-04-15,6939311,768280000,133397114
2015-04-16,6917838,768280000,132977212
2015-04-17,6927102,768280000,131172210
2015-04-20,6961889,768280000,132454392
2015-04-21,7014973,768280000,132222637
2015-04-22,7058608,768280000,133109753
2015-04-23,7058608,768280000,133581102
2015-04-24,7042217,768280000,134523389
2015-04-27,6985421,768280000,134036764
2015-04-28,6990930,768280000,133712488
2015-04-29,6940082,768280000,132400425
2015-04-30,6881522,787450000,130753542
2015-05-01,6881522,787450000,131890156
2015-05-04,6923116,787450000,131938309
2015-05-05,6872397,787450000,130436450
2015-05-06,6828992,787450000,130151811
2015-05-07,6891551,787450000,130678397
2015-05-08,6928299,787450000,132616287
2015-05-11,6940723,787450000,132027708
2015-05-12,6936819,787450000,131624481
2015-05-13,6926638,787450000,131357409
2015-05-14,6926638,787450000,133059078
2015-05-15,7036072,787450000,133021268
2015-05-18,7036072,787450000,134945604
2015-05-19,7155683,787450000,135692219
2015-05-20,7185641,787450000,135979054
2015-05-21,7225487,787450000,135880233
2015-05-22,7323470,787450000,136450511
2015-05-25,7323470,787450000,136450511
2015-05-26,7315350,787450000,134977399
2015-05-27,7425526,787450000,136518401
2015-05-28,7410799,787450000,136325075
2015-05-29,7361028,785500000,135582705
2015-06-01,7419518,785500000,136380912
2015-06-02,7438242,785500000,136548921
2015-06-03,7396159,785500000,136910884
2015-06-04,7368760,785500000,135337271
2015-06-05,7369699,785500000,135775899
2015-06-08,7326170,785500000,134605784
2015-06-09,7256323,785500000,134396435
2015-06-10,7309936,785500000,136184321
2015-06-11,7329455,785500000,136524214
2015-06-12,7311199,785500000,141199538
2015-06-15,7298530,785500000,140499533
2015-06-16,7331686,785500000,141208938
2015-06-17,7331186,785500000,141584986
2015-06-18,7331186,785500000,142394280
2015-06-19,7332242,785500000,141153203
2015-06-22,7448950,785500000,142298598
2015-06-23,7448950,785500000,142792974
2015-06-24,7480362,785500000,141766759
2015-06-25,7458734,785500000,141990296
2015-06-26,7396780,785500000,141443009
2015-06-29,7261808,785500000,138458885
2015-06-30,7261808,808630000,138966712
2015-07-01,7334370,808630000,139751838
2015-07-02,7332461,808630000,139946675
2015-07-03,7332461,808630000,139946675
2015-07-06,7384078,808630000,139157192
2015-07-07,7384078,808630000,139421891
2015-07-08,7346123,808630000,139388485
2015-07-09,7395587,808630000,140505390
2015-07-10,7484214,808630000,142322935
2015-07-13,7603487,808630000,144170796
2015-07-14,7764381,808630000,145257983
2015-07-15,8036312,808630000,145477595
2015-07-16,8135298,808630000,147580298
2015-07-17,8175368,808630000,150649397
2015-07-20,8370670,808630000,152908441
2015-07-21,8378838,808630000,155353999
2015-07-22,8431518,808630000,154803093
2015-07-23,8357465,808630000,154246370
2015-07-24,8357465,808630000,152163039
2015-07-27,8204408,808630000,151691847
2015-07-28,8234304,808630000,155561634
2015-07-29,8311456,808630000,156400835
2015-07-30,8311456,808630000,156842811
2015-07-31,8351162,812730000,156726991
2015-08-03,8385120,812730000,156794029
2015-08-04,8394640,812730000,156493884
2015-08-05,8450998,812730000,157779576
2015-08-06,8439552,812730000,156233005
2015-08-07,8416884,812730000,156883958
2015-08-10,8416884,812730000,159446875
2015-08-11,8416884,812730000,159375232
2015-08-12,8655920,812730000,159793093
2015-08-13,8687789,812730000,159590645
2015-08-14,8723668,812730000,160984747
2015-08-17,8765872,812730000,161613931
2015-08-18,8755256,812730000,161092588
2015-08-19,8749489,812730000,160826038
2015-08-20,8605513,812730000,157348184
2015-08-21,8534676,812730000,152582783
2015-08-24,8364963,812730000,147619592
2015-08-25,8364963,812730000,142298711
2015-08-26,8535153,812730000,148144811
2015-08-27,8660511,812730000,150911362
2015-08-28,8727705,767280000,151389499
2015-08-31,8708202,767280000,149938474
2015-09-01,8708202,767280000,145655165
2015-09-02,8625420,767280000,147456404
2015-09-03,8625420,767280000,147480821
2015-09-04,8616041,767280000,145582986
2015-09-07,8615492,767280000,145582986
2015-09-08,8758400,767280000,149329799
2015-09-09,8759596,767280000,147503599
2015-09-10,8790456,767280000,148726342
2015-09-11,8777443,767280000,148096606
2015-09-14,8734870,767280000,149405207
2015-09-15,8820185,767280000,151366363
2015-09-16,8840899,767280000,153270796
2015-09-17,8891901,767280000,153544127
2015-09-18,8952345,767280000,151320377
2015-09-21,9000552,767280000,151926670
2015-09-22,8901576,767280000,150578860
2015-09-23,8980860,767280000,150490489
2015-09-24,8933594,767280000,150215219
2015-09-25,8931968,767280000,149529826
2015-09-28,8809416,767280000,145444803
2015-09-29,8788346,767280000,144722464
2015-09-30,9018479,721040000,151631077
2015-10-01,9018479,721040000,151703796
2015-10-02,9192193,721040000,154089324
2015-10-05,9192193,721040000,156659080
2015-10-06,9308855,721040000,155569169
2015-10-07,9364423,721040000,156571386
2015-10-08,9549907,721040000,157453541
2015-10-09,9574435,721040000,157909309
2015-10-12,9666307,721040000,158417100
2015-10-13,9476204,721040000,158861749
2015-10-14,9461987,721040000,159491308
2015-10-15,9535095,721040000,162047045
2015-10-16,9621015,721040000,167536502
2015-10-19,9900345,721040000,170989443
2015-10-20,9847082,721040000,170712004
2015-10-21,9663305,721040000,169728240
2015-10-22,9793476,721040000,177344472
2015-10-23,9969921,721040000,181666445
2015-10-26,9951685,721040000,182597501
2015-10-27,9854352,721040000,184371309
2015-10-28,9982840,721040000,186497700
2015-10-29,9981184,721040000,187265745
2015-10-30,9947035,750777611,186475817
2015-11-02,9989079,750777611,188582014
2015-11-03,10034251,750777611,190164022
2015-11-04,10129445,750777611,190037476
2015-11-05,10130797,750777611,189964224
2015-11-06,10232274,750777611,190052211
2015-11-09,10246842,750777611,188983863
2015-11-10,10282150,750777611,193582042
2015-11-11,10346335,750777611,195478927
2015-11-12,10297750,750777611,193606910
2015-11-13,10261610,750777611,189954585
2015-11-16,10232579,750777611,192850932
2015-11-17,10339742,750777611,193610909
2015-11-18,10450513,750777611,198298783
2015-11-19,10475283,750777611,198520543
2015-11-20,10552631,750777611,200386787
2015-11-23,10532801,750777611,201060215
2015-11-24,10537407,750777611,201273127
2015-11-25,10640241,750777611,201731237
2015-11-26,10648042,750777611,201731237
2015-11-27,10828486,750777611,219334815
2015-11-30,10890023,715119327,224363624
2015-12-01,10934302,715119327,226004049
2015-12-02,10893777,715119327,224397834
2015-12-03,10766717,715119327,220924381
2015-12-04,10787239,715119327,225156433
2015-12-07,10758159,715119327,223343957
2015-12-08,10694483,715119327,226860044
2015-12-09,10628570,715119327,225967284
2015-12-10,10655742,715119327,230018639
2015-12-11,10655742,715119327,228868179
2015-12-14,10306160,715119327,231845765
2015-12-15,10421091,715119327,234941779
2015-12-16,10528590,715119327,239978857
2015-12-17,10574678,715119327,241278935
2015-12-18,10635681,715119327,240195367
2015-12-21,10724863,715119327,242717564
2015-12-22,10726578,715119327,245262674
2015-12-23,11032226,715119327,248340902
2015-12-24,11043964,715119327,248615454
2015-12-25,11043964,715119327,248615454
2015-12-28,11038596,715119327,249597608
2015-12-29,11077227,715119327,253305939
2015-12-30,11096495,715119327,251648624
2015-12-31,11096495,692698856,248002503
2016-01-01,11096495,692698856,248002503
2016-01-04,10741163,692698856,243157265
2016-01-05,10741163,692698856,243404242
2016-01-06,10741163,692698856,241537617
2016-01-07,10577819,692698856,235862219
2016-01-08,10577819,692698856,233220443
2016-01-11,10487555,692698856,233055389
2016-01-12,10821116,692698856,235289669
2016-01-13,10743788,692698856,228862597
2016-01-14,10775027,692698856,232152227
2016-01-15,10648189,692698856,227080431
2016-01-18,10505495,692698856,227080431
2016-01-19,10576059,692698856,227249008
2016-01-20,10463810,692698856,228034133
2016-01-21,10478038,692698856,228181543
2016-01-22,10651292,692698856,233393540
2016-01-25,10630651,692698856,230703568
2016-01-26,10944109,692698856,233420579
2016-01-27,10938741,692698856,230374664
2016-01-28,10914460,692698856,232122433
2016-01-29,11058132,629717919,237988555
2016-02-01,11077177,629717919,238716408
2016-02-02,10979330,629717919,234079793
2016-02-03,10979330,629717919,237530181
2016-02-04,10914692,629717919,238240876
2016-02-05,10817359,629717919,249650859
2016-02-08,10697892,629717919,246459068
2016-02-09,10697892,629717919,246156556
2016-02-10,10697892,629717919,247642369
2016-02-11,10691373,629717919,247138771
2016-02-12,10753143,629717919,251126820
2016-02-15,10841244,629717919,251126820
2016-02-16,10958690,629717919,255746803
2016-02-17,10958690,629717919,260788540
2016-02-18,11144764,629717919,260849748
2016-02-19,11026902,629717919,262876139
2016-02-22,11136079,629717919,266393886
2016-02-23,11107598,629717919,263205642
2016-02-24,11129131,629717919,272512850
2016-02-25,11319150,629717919,275197178
2016-02-26,11412346,629717919,275012690
2016-02-29,11476810,653768468,272153461
2016-03-01,11686084,653768468,280296229
2016-03-02,11712991,653768468,281527059
2016-03-03,11235090,653768468,292596495
2016-03-04,11192903,653768468,293062732
2016-03-07,11107200,653768468,293026865
2016-03-08,10968790,653768468,289128979
2016-03-09,11110308,653768468,290772792
2016-03-10,10988787,653768468,290625445
2016-03-11,11081185,653768468,295427205
2016-03-14,11087678,653768468,294665301
2016-03-15,10923344,653768468,294020117
2016-03-16,11027690,653768468,296480023
2016-03-17,11041502,653768468,296770297
2016-03-18,11051273,653768468,297703442
2016-03-21,11068667,653768468,298568588
2016-03-22,11042480,653768468,300047612
2016-03-23,11053844,653768468,298223428
2016-03-24,11031447,653768468,297761395
2016-03-25,11031447,653768468,297761395
2016-03-28,11029652,653768468,294230462
2016-03-29,11029652,653768468,296870829
2016-03-30,11223916,653768468,300460731
2016-03-31,11286513,717159741,299822166
2016-04-01,11270377,717159741,302060491
2016-04-04,11261352,717159741,300339706
2016-04-05,11218876,717159741,297728700
2016-04-06,11248171,717159741,303604537
2016-04-07,11201986,717159741,298747327
2016-04-08,11229892,717159741,299087068
2016-04-11,11236663,717159741,297648631
2016-04-12,11286890,717159741,298374774
2016-04-13,11375572,717159741,300648839
2016-04-14,11443561,717159741,302214336
2016-04-15,11452815,717159741,300084483
2016-04-18,11516176,717159741,299745729
2016-04-19,11577310,717159741,300819924
2016-04-20,11603656,717159741,301448496
2016-04-21,11662793,717159741,308910272
2016-04-22,11705492,717159741,306618283
2016-04-25,11663670,717159741,305495302
2016-04-26,11736860,717159741,305456327
2016-04-27,11766869,717159741,304481601
2016-04-28,11693746,717159741,301820372
2016-04-29,11677134,733332777,302004203
2016-05-02,11704621,733332777,305531805
2016-05-03,11614818,733332777,302479488
2016-05-04,11570009,733332777,299916276
2016-05-05,11498287,733332777,300394149
2016-05-06,11549802,733332777,300425332
2016-05-09,11515628,733332777,300530848
2016-05-10,11627486,733332777,304586178
2016-05-11,11604542,733332777,307342127
2016-05-12,11576357,733332777,309766498
2016-05-13,11520996,733332777,306285250
2016-05-16,11544391,733332777,309206069
2016-05-17,11547966,733332777,305871119
2016-05-18,11495642,733332777,306334935
2016-05-19,11432606,733332777,304408300
2016-05-20,11549755,733332777,307541836
2016-05-23,11640558,733332777,307431569
2016-05-24,11765310,733332777,314216386
2016-05-25,11799574,733332777,315866998
2016-05-26,11801652,733332777,318620386
2016-05-27,11858665,733332777,321087634
2016-05-30,11842054,733332777,321087634
2016-05-31,11855327,728042009,322154055
2016-06-01,11886708,728042009,321856796
2016-06-02,11918417,728042009,346585253
2016-06-03,11927762,728042009,345333934
2016-06-06,12022134,728042009,348015586
2016-06-07,12059758,728042009,346488041
2016-06-08,12076742,728042009,348395855
2016-06-09,12031103,728042009,345503594
2016-06-10,11900000,728042009,340423055
2016-06-13,11721241,728042009,337259856
2016-06-14,11626550,728042009,335884067
2016-06-15,11703552,728042009,333961845
2016-06-16,11577692,728042009,334014619
2016-06-17,11642045,728042009,329297913
2016-06-20,11833021,728042009,331457357
2016-06-21,11883028,728042009,332332033
2016-06-22,11851163,728042009,331897169
2016-06-23,11924744,728042009,334461130
2016-06-24,12586532,728042009,320915390
2016-06-27,12534636,728042009,316358901
2016-06-28,12610874,728042009,320761580
2016-06-29,12773008,728042009,321635295
2016-06-30,12942195,707032723,325269759
2016-07-01,13016392,707032723,327283831
2016-07-04,13009706,707032723,327283831
2016-07-05,12846860,707032723,336079074
2016-07-06,12788592,707032723,342861902
2016-07-07,12862722,707032723,343099350
2016-07-08,12963630,707032723,332331447
2016-07-11,13196803,707032723,332385776
2016-07-12,13326777,707032723,336529083
2016-07-13,13433579,707032723,338319148
2016-07-14,13425717,707032723,341058412
2016-07-15,13241117,707032723,339648237
2016-07-18,13244233,707032723,337149188
2016-07-19,13228811,707032723,335931371
2016-07-20,13290971,707032723,337809854
2016-07-21,13236419,707032723,337941698
2016-07-22,13182681,707032723,339539457
2016-07-25,13155551,707032723,339105582
2016-07-26,13245825,707032723,339583638
2016-07-27,13274936,707032723,338496175
2016-07-28,13250278,707032723,339750003
2016-07-29,13195695,757988124,341984207
2016-08-01,13228579,757988124,343287547
2016-08-02,13174286,757988124,342786649
2016-08-03,13195390,757988124,345002605
2016-08-04,13201846,757988124,345623265
2016-08-05,13286153,757988124,346823648
2016-08-08,13319616,757988124,345437525
2016-08-09,13330798,757988124,353118288
2016-08-10,13358428,757988124,348620536
2016-08-11,13397964,757988124,350515816
2016-08-12,13440792,757988124,350426596
2016-08-15,13431890,757988124,351289707
2016-08-16,13398502,757988124,350215477
2016-08-17,13785407,757988124,350238255
2016-08-18,13793740,757988124,350650004
2016-08-19,13796982,757988124,350534460
2016-08-22,13826345,757988124,348697425
2016-08-23,13869172,757988124,350111313
2016-08-24,13867984,757988124,348389028
2016-08-25,13873934,757988124,346718192
2016-08-26,13847258,757988124,347146497
2016-08-29,13966135,757988124,348488563
2016-08-30,13976890,757988124,349326872
2016-08-31,13966220,758750805,347955616
2016-09-01,14108918,758750805,348845772
2016-09-02,14149608,758750805,350349175
2016-09-05,14200286,758750805,350349175
2016-09-06,14186715,758750805,349068183
2016-09-07,14242302,758750805,346355894
2016-09-08,14253861,758750805,347488154
2016-09-09,14140114,758750805,339704939
2016-09-12,14157388,758750805,344399048
2016-09-13,14007962,758750805,339785505
2016-09-14,14030434,758750805,340674541
2016-09-15,14203199,758750805,345180599
2016-09-16,14132028,758750805,344799097
2016-09-19,14196445,758750805,344205676
2016-09-20,14175828,758750805,345357126
2016-09-21,14657702,758750805,349464538
2016-09-22,14714219,758750805,350853587
2016-09-23,14852106,758750805,350434323
2016-09-26,14890238,758750805,348127555
2016-09-27,14891539,758750805,351963657
2016-09-28,14972241,758750805,354275576
2016-09-29,14967165,758750805,350928461
2016-09-30,15073727,754143996,354956374
2016-10-03,15086838,754143996,354358605
2016-10-04,15087294,754143996,353893130
2016-10-05,15173539,754143996,354057343
2016-10-06,15312047,754143996,353206256
2016-10-07,15258902,754143996,353126696
2016-10-10,15316318,754143996,363294306
2016-10-11,15353021,754143996,361117810
2016-10-12,15388342,754143996,357385227
2016-10-13,15327235,754143996,357147677
2016-10-14,15346217,754143996,357302835
2016-10-17,15372375,754143996,355989077
2016-10-18,15448624,754143996,358449871
2016-10-19,15521334,754143996,360044271
2016-10-20,15521334,754143996,359569327
2016-10-21,15696968,754143996,362740844
2016-10-24,15878730,754143996,365023190
2016-10-25,15881340,754143996,364040544
2016-10-26,15875246,754143996,365908355
2016-10-27,15968115,754143996,368811720
2016-10-28,16008083,754143996,369173804
2016-10-31,16113161,687426619,370472100
2016-11-01,16235717,687426619,369182125
2016-11-02,16138471,687426619,356473210
2016-11-03,16189600,687426619,357627812
2016-11-04,16234095,687426619,352230086
2016-11-07,16477198,687426619,359922535
2016-11-08,16899247,687426619,356520632
2016-11-09,17024195,687426619,361335757
2016-11-10,17147170,687426619,360017548
2016-11-11,17595374,687426619,360437716
2016-11-14,17803376,687426619,357604952
2016-11-15,18132699,687426619,360634418
2016-11-16,18292179,687426619,361956817
2016-11-17,18761944,687426619,365430806
2016-11-18,19497397,687426619,363926718
2016-11-21,19758410,687426619,367821669
2016-11-22,20454544,687426619,369644807
2016-11-23,20875047,687426619,369150606
2016-11-24,20930545,687426619,369150606
2016-11-25,21412715,687426619,371048352
2016-11-28,21405963,687426619,375328081
2016-11-29,21512262,687426619,377714583
2016-11-30,21791630,710537953,375994028
2016-12-01,21863615,710537953,374683655
2016-12-02,22194605,710537953,374139975
2016-12-05,22537166,710537953,376323802
2016-12-06,22717692,710537953,376169612
2016-12-07,23067487,710537953,377956201
2016-12-08,23613359,710537953,378841249
2016-12-09,23675059,710537953,381309924
2016-12-12,23839932,710537953,379351750
2016-12-13,23929817,710537953,387243841
2016-12-14,23950506,710537953,384750431
2016-12-15,24390215,710537953,385027146
2016-12-16,24945238,710537953,384042644
2016-12-19,24898878,710537953,385624133
2016-12-20,25139887,710537953,388268917
2016-12-21,25243274,710537953,388886857
2016-12-22,25526637,710537953,387096962
2016-12-23,25804749,710537953,389754822
2016-12-26,25804749,710537953,389754822
2016-12-27,25833003,710537953,392442812
2016-12-28,26058230,710537953,392694619
2016-12-29,26199180,710537953,393424452
2016-12-30,26199180,725298788,391478585
2017-01-02,26609963,725298788,391478585
2017-01-03,27004207,725298788,395628855
2017-01-04,27426191,725298788,402055306
2017-01-05,27426191,725298788,408150822
2017-01-06,27426191,725298788,411704276
2017-01-09,27583242,725298788,412965372
2017-01-10,27814082,725298788,416175558
2017-01-11,28089993,725298788,417626427
2017-01-12,28111481,725298788,419115138
2017-01-13,28334159,725298788,421456227
2017-01-16,28375152,725298788,421456227
2017-01-17,28590077,725298788,423308275
2017-01-18,29120033,725298788,425028912
2017-01-19,29287618,725298788,433776176
2017-01-20,29646535,725298788,436152028
2017-01-23,30276465,725298788,436978421
2017-01-24,30276465,725298788,439771247
2017-01-25,30276465,725298788,444275754
2017-01-26,31159833,725298788,444831550
2017-01-27,31225601,725298788,446831749
2017-01-30,31354963,725298788,445596783
2017-01-31,31806640,733982688.579457,447751652
2017-02-01,32171358,733982688.579457,449438083
2017-02-02,32331819,733982688.579457,449381228
2017-02-03,32693780,733982688.579457,452815248
2017-02-06,33153817,733982688.579457,452682415
2017-02-07,33280944,733982688.579457,453156879
2017-02-08,33542138,733982688.579457,452026504
2017-02-09,34219788,733982688.579457,455747151
2017-02-10,34879095,733982688.579457,456848224
2017-02-13,34957869,733982688.579457,460950895
2017-02-14,35490684,733982688.579457,462891751
2017-02-15,35741595,733982688.579457,467646300
2017-02-16,36104929,733982688.579457,466475879
2017-02-17,36299620,733982688.579457,466332770
2017-02-20,36522029,733982688.579457,466332770
2017-02-21,36806027,733982688.579457,468618649
2017-02-22,36803040,733982688.579457,468961713
2017-02-23,36915129,733982688.579457,469565381
2017-02-24,37077931,733982688.579457,473809904
2017-02-27,37214638,733982688.579457,476392059
2017-02-28,37323514,733117422.779963,474715094
2017-03-01,37877387,733117422.779963,480470174
2017-03-02,37972991,733117422.779963,480005483
2017-03-03,38266933,733117422.779963,497876170
2017-03-06,38325814,733117422.779963,499078712
2017-03-07,38392063,733117422.779963,498719049
2017-03-08,38294996,733117422.779963,499972368
2017-03-09,38540604,733117422.779963,517930677
2017-03-10,38684692,733117422.779963,521471387
2017-03-13,38936434,733117422.779963,524057093
2017-03-14,39057488,733117422.779963,518753729
2017-03-15,39194756,733117422.779963,527444915
2017-03-16,39024527,733117422.779963,527962922
2017-03-17,39144084,733117422.779963,529088842
2017-03-20,39495091,733117422.779963,528894850
2017-03-21,40045928,733117422.779963,524901713
2017-03-22,40194404,733117422.779963,529940532
2017-03-23,40599313,733117422.779963,534616367
2017-03-24,40736077,733117422.779963,534796687
2017-03-27,40972294,733117422.779963,536950959
2017-03-28,41444527,733117422.779963,540017250
2017-03-29,41857514,733117422.779963,541442682
2017-03-30,42508016,733117422.779963,542561828
2017-03-31,43629195,732108927.55468,543462750
2017-04-03,44756591,732108927.55468,543864121
2017-04-04,45206781,732108927.55468,544234551
2017-04-05,45640292,732108927.55468,542120649
2017-04-06,46539940,732108927.55468,545227684
2017-04-07,47720576,732108927.55468,543452144
2017-04-10,48068914,732108927.55468,544369185
2017-04-11,48390079,732108927.55468,543621797
2017-04-12,48707398,732108927.55468,542095782
2017-04-13,48752035,732108927.55468,541346861
2017-04-14,48752035,732108927.55468,541346861
2017-04-17,48752035,732108927.55468,546435076
2017-04-18,48718326,732108927.55468,544722828
2017-04-19,49123876,732108927.55468,545184613
2017-04-20,49588588,732108927.55468,549031284
2017-04-21,49755499,732108927.55468,545693675
2017-04-24,50628521,732108927.55468,552725725
2017-04-25,51364216,732108927.55468,557809246
2017-04-26,51917459,732108927.55468,557815339
2017-04-27,52530343,732108927.55468,560243981
2017-04-28,52995299,765473067.20835,561198221
2017-05-01,52995299,765473067.20835,565310421
2017-05-02,52995299,765473067.20835,566347177
2017-05-03,54438809,765473067.20835,563137930
2017-05-04,55014311,765473067.20835,519290603
2017-05-05,55978068,765473067.20835,520714267
2017-05-08,56533529,765473067.20835,520137634
2017-05-09,56489951,765473067.20835,520363317
2017-05-10,57222849,765473067.20835,520141018
2017-05-11,57719562,765473067.20835,520922265
2017-05-12,57921679,765473067.20835,526534143
2017-05-15,58443505,765473067.20835,529324219
2017-05-16,59156506,765473067.20835,536972546
2017-05-17,58481706,765473067.20835,528204394
2017-05-18,58858342,765473067.20835,529749860
2017-05-19,59615346,765473067.20835,588513771
2017-05-22,59798269,765473067.20835,593654610
2017-05-23,60430320,765473067.20835,629688651
2017-05-24,60714343,765473067.20835,633227136
2017-05-25,61225620,765473067.20835,644988787
2017-05-26,61527304,765473067.20835,634909035
2017-05-29,61674239,765473067.20835,634909035
2017-05-30,62306649,765473067.20835,633969926
2017-05-31,62925374,827830652.44211,633734495
2017-06-01,63670556,827830652.44211,640040397
2017-06-02,64180214,827830652.44211,622410876
2017-06-05,64384784,827830652.44211,625430519
2017-06-06,64667883,827830652.44211,623767556
2017-06-07,64961872,827830652.44211,601274931
2017-06-08,65668958,827830652.44211,600882864
2017-06-09,66299523,827830652.44211,616459882
2017-06-12,66383283,827830652.44211,615814934
2017-06-13,66852529,827830652.44211,617466412
2017-06-14,67396456,827830652.44211,621111175
2017-06-15,67165266,827830652.44211,616300619
2017-06-16,67597311,827830652.44211,618235652
2017-06-19,68243849,827830652.44211,624554235
2017-06-20,68512911,827830652.44211,618396058
2017-06-21,68739246,827830652.44211,623516419
2017-06-22,69098344,827830652.44211,625192041
2017-06-23,69154968,827830652.44211,627655855
2017-06-26,69551250,827830652.44211,627668789
2017-06-27,69522192,827830652.44211,646934645
2017-06-28,69837784,827830652.44211,652766033
2017-06-29,69842494,827830652.44211,646509655
2017-06-30,70168097,829807703.54088,646010290
2017-07-03,70176923,829807703.54088,644668829
2017-07-04,70214495,829807703.54088,644668829
2017-07-05,70973366,829807703.54088,647913494
2017-07-06,71101415,829807703.54088,650820740
2017-07-07,71471836,829807703.54088,656788701
2017-07-10,71257103,829807703.54088,660336736
2017-07-11,71501491,829807703.54088,660388400
2017-07-12,72036175,829807703.54088,666011919
2017-07-13,72783928,829807703.54088,671124233
2017-07-14,73166048,829807703.54088,673707732
2017-07-17,73645194,829807703.54088,674061729
2017-07-18,74098789,829807703.54088,675902307
2017-07-19,74497813,829807703.54088,680270347
2017-07-20,75544634,829807703.54088,684608214
2017-07-21,75681955,829807703.54088,685695902
2017-07-24,76391929,829807703.54088,689463274
2017-07-25,77069268,829807703.54088,689370735
2017-07-26,77800452,829807703.54088,690713060
2017-07-27,78265486,829807703.54088,689813431
2017-07-28,78421515,829807703.54088,691272249
2017-07-31,79146709,848788712.3596,689704715
2017-08-01,80033228,848788712.3596,685152075
2017-08-02,80456761,848788712.3596,684752136
2017-08-03,80473236,848788712.3596,683895449
2017-08-04,81513693,848788712.3596,685123536
2017-08-07,81579366,848788712.3596,686962675
2017-08-08,82736841,848788712.3596,684914920
2017-08-09,82667305,848788712.3596,685569502
2017-08-10,82864462,848788712.3596,674142090
2017-08-11,86884102,848788712.3596,677169844
2017-08-14,88046744,848788712.3596,682876461
2017-08-15,88353372,848788712.3596,682340057
2017-08-16,89425449,848788712.3596,685163242
2017-08-17,89383744,848788712.3596,674615418
2017-08-18,89737745,848788712.3596,668935211
2017-08-21,90347951,848788712.3596,669381892
2017-08-22,90748375,848788712.3596,677386540
2017-08-23,91311761,848788712.3596,673726928
2017-08-24,91822721,848788712.3596,673668008
2017-08-25,92040391,848788712.3596,675913087
2017-08-28,92448546,848788712.3596,678126469
2017-08-29,92448546,848788712.3596,679820947
2017-08-30,92883537,848788712.3596,683913325
2017-08-31,93633438,853528763.66914,691435662
2017-09-01,94371693,853528763.66914,693613221
2017-09-04,94141892,853528763.66914,693613221
2017-09-05,94141892,853528763.66914,690140538
2017-09-06,95657809,853528763.66914,704306863
2017-09-07,96112065,853528763.66914,712598334
2017-09-08,96112065,853528763.66914,726734146
2017-09-11,98089449,853528763.66914,731373429
2017-09-12,99617663,853528763.66914,735055771
2017-09-13,99952421,853528763.66914,735911191
2017-09-14,101211409,853528763.66914,733003740
2017-09-15,102018739,853528763.66914,735367300
2017-09-18,103333858,853528763.66914,735140961
2017-09-19,104419631,853528763.66914,743267476
2017-09-20,105726880,853528763.66914,743174698
2017-09-21,106680750,853528763.66914,766467364
2017-09-22,107843881,853528763.66914,766271871
2017-09-25,108976158,853528763.66914,765822766
2017-09-26,109690599,853528763.66914,765323883
2017-09-27,111879470,853528763.66914,768126568
2017-09-28,113243174,853528763.66914,767761139
2017-09-29,113932782,857543930.51106,775036378
2017-10-02,115517765,857543930.51106,776058013
2017-10-03,116682442,857543930.51106,776971900
2017-10-04,117799162,857543930.51106,778173621
2017-10-05,119263361,857543930.51106,783412316
2017-10-06,121020755,857543930.51106,782100777
2017-10-09,121245072,857543930.51106,784260391
2017-10-10,124712889,857543930.51106,784527414
2017-10-11,126168832,857543930.51106,786425675
2017-10-12,126938208,857543930.51106,784518730
2017-10-13,127941367,857543930.51106,787210979
2017-10-16,129459056,857543930.51106,839806298
2017-10-17,130917556,857543930.51106,843673914
2017-10-18,132175673,857543930.51106,844483600
2017-10-19,132957255,857543930.51106,852701287
2017-10-20,134503727,857543930.51106,854528705
2017-10-23,136155275,857543930.51106,849488258
2017-10-24,137980893,857543930.51106,848359427
2017-10-25,138851898,857543930.51106,846638529
2017-10-26,140420154,857543930.51106,842266375
2017-10-27,141702580,857543930.51106,852362360
2017-10-30,141702580,857543930.51106,852596265
2017-10-31,145048600,874588166.72545,851665730
2017-11-01,145825845,874588166.72545,852831664
2017-11-02,146843626,874588166.72545,851602542
2017-11-03,149015371,874588166.72545,857531686
2017-11-06,150036633,874588166.72545,861736328
2017-11-07,150833624,874588166.72545,863932240
2017-11-08,151894704,874588166.72545,867844356
2017-11-09,150100618,874588166.72545,864529105
2017-11-10,149754799,874588166.72545,868783395
2017-11-13,149549297,874588166.72545,872784992
2017-11-14,150011369,874588166.72545,871695999
2017-11-15,148455893,874588166.72545,871611325
2017-11-16,150828859,874588166.72545,882740849
2017-11-17,151710960,874588166.72545,884157138
2017-11-20,152100780,874588166.72545,882827699
2017-11-21,153997310,874588166.72545,892345194
2017-11-22,153865034,874588166.72545,891827197
2017-11-23,154131365,874588166.72545,891827197
2017-11-24,154442014,874588166.72545,900387799
2017-11-27,154760446,874588166.72545,907473391
2017-11-28,156239565,874588166.72545,917141607
2017-11-29,156479333,874588166.72545,920912246
2017-11-30,157354759,907095380.38445,930760303
2017-12-01,157218665,907095380.38445,931759779
2017-12-04,157288773,907095380.38445,926529930
2017-12-05,157605757,907095380.38445,924022709
2017-12-06,157531218,907095380.38445,927021355
2017-12-07,158235799,907095380.38445,930681629
2017-12-08,158888135,907095380.38445,937542017
2017-12-11,159997290,907095380.38445,940604832
2017-12-12,160339525,907095380.38445,941584043
2017-12-13,160900960,907095380.38445,947071147
2017-12-14,161674807,907095380.38445,957052946
2017-12-15,162314979,907095380.38445,964077784
2017-12-18,163582300,907095380.38445,970946672
2017-12-19,164181984,907095380.38445,973679893
2017-12-20,164540054,907095380.38445,971598580
2017-12-21,166065224,907095380.38445,973043677
2017-12-22,166065224,907095380.38445,971297876
2017-12-25,166065224,907095380.38445,971297876
2017-12-26,166065224,907095380.38445,970874476
2017-12-27,166065224,907095380.38445,974509728
2017-12-28,168574093,907095380.38445,976374404
2017-12-29,168574093,940484176.90306,971994492
2018-01-01,168574093,940484176.90306,971994492
2018-01-02,170922092,940484176.90306,983674718
2018-01-03,170922092,940484176.90306,995725512
2018-01-04,174011603,940484176.90306,1001327927
2018-01-05,175768182,940484176.90306,1011871350
2018-01-08,177078256,940484176.90306,1012663892
2018-01-09,179417014,940484176.90306,1016285006
2018-01-10,180813257,940484176.90306,1014270690
2018-01-11,181690681,940484176.90306,1025171083
2018-01-12,183204196,940484176.90306,1031866884
2018-01-15,182691867,940484176.90306,1031866884
2018-01-16,184541019,940484176.90306,1029630340
2018-01-17,186409974,940484176.90306,1036432063
2018-01-18,188856423,940484176.90306,1035965143
2018-01-19,190624400,940484176.90306,1037246646
2018-01-22,191485094,940484176.90306,1047953291
2018-01-23,192409745,940484176.90306,1063065496
2018-01-24,193715647,940484176.90306,1061618559
2018-01-25,193915092,940484176.90306,1066249746
2018-01-26,194641618,940484176.90306,1075949064
2018-01-29,194641618,940484176.90306,1063692680
2018-01-30,194533113,940484176.90306,1056269443
2018-01-31,195130492,1019627400.2087,1058361700
2018-02-01,194714858,1019627400.2087,1058226772
2018-02-02,193863060,1019627400.2087,1037163152
2018-02-05,193863060,1019627400.2087,988561817
2018-02-06,187699229,1019627400.2087,1005667180
2018-02-07,189684224,1019627400.2087,996010929
2018-02-08,188793164,1019627400.2087,955008783
2018-02-09,185870360,1019627400.2087,968354366
2018-02-12,187959625,1019627400.2087,989238906
2018-02-13,189594478,1019627400.2087,991857674
2018-02-14,190832404,1019627400.2087,1007494916
2018-02-15,192142174,1019627400.2087,1021481408
2018-02-16,193461648,1019627400.2087,1020241939
2018-02-19,193996103,1019627400.2087,1020241939
2018-02-20,194687446,1019627400.2087,1020287004
2018-02-21,195390369,1019627400.2087,1014358547
2018-02-22,195273983,1019627400.2087,1016725815
2018-02-23,195979730,1019627400.2087,1028541482
2018-02-26,196219101,1019627400.2087,1040367403
2018-02-27,196104889,1019627400.2087,1027769798
2018-02-28,195840373,940533146.117,1016225776
2018-03-01,195185533,940533146.117,1004763826
2018-03-02,195886933,940533146.117,1014171027
2018-03-05,196187592,940533146.117,1023162658
2018-03-06,197757691,940533146.117,1029699483
2018-03-07,198983717,940533146.117,1031344233
2018-03-08,200282464,940533146.117,1037855178
2018-03-09,202735774,940533146.117,1054142417
2018-03-12,203291220,940533146.117,1054766600
2018-03-13,202347589,940533146.117,1045545636
2018-03-14,202590736,940533146.117,1045440265
2018-03-15,203466364,940533146.117,1044856164
2018-03-16,203945870,940533146.117,1045810328
2018-03-19,203048466,940533146.117,1028783355
2018-03-20,203834515,940533146.117,1033505434
2018-03-21,203628603,940533146.117,1042454562
2018-03-22,201428908,940533146.117,1019207048
2018-03-23,198787703,940533146.117,996747169
2018-03-26,199994655,940533146.117,1028133184
2018-03-27,199689840,940533146.117,1007704931
2018-03-28,199475577,940533146.117,1004351050
2018-03-29,200289223,940533146.117,1020569885
2018-03-30,200289223,919365851.7196,1020569885
2018-04-02,200289223,919365851.7196,997173841
2018-04-03,200289223,919365851.7196,1007970029
2018-04-04,198940610,919365851.7196,1021019899
2018-04-05,200866195,919365851.7196,1028691367
2018-04-06,199501247,919365851.7196,1086934820
2018-04-09,199471605,919365851.7196,1090961503
2018-04-10,200245856,919365851.7196,1111692865
2018-04-11,200071923,919365851.7196,1106208026
2018-04-12,200071923,919365851.7196,1116301428
2018-04-13,201437769,919365851.7196,1110902308
2018-04-16,202926014,919365851.7196,1124173314
2018-04-17,203937845,919365851.7196,1153986777
2018-04-18,203987507,919365851.7196,1156358956
2018-04-19,204797652,919365851.7196,1156497753
2018-04-20,204613764,919365851.7196,1146004910
2018-04-23,205390613,919365851.7196,1143796705
2018-04-24,206275770,919365851.7196,1125535183
2018-04-25,204508941,919365851.7196,1127996722
2018-04-26,206426446,919365851.7196,1152558492
2018-04-27,206838700,919365851.7196,1154019407
2018-04-30,206661160,932799917.33976,1147932191
2018-05-01,206661160,932799917.33976,1149357141
2018-05-02,207772887,932799917.33976,1136822082
2018-05-03,207759060,932799917.33976,1134947267
2018-05-04,208241036,932799917.33976,1149227312
2018-05-07,209230342,932799917.33976,1152013674
2018-05-08,212828073,932799917.33976,1148105830
2018-05-09,214287214,932799917.33976,1162208777
2018-05-10,213890958,932799917.33976,1172862910
2018-05-11,214439020,932799917.33976,1177336945
2018-05-14,214039745,932799917.33976,1174474878
2018-05-15,214855842,932799917.33976,1159884963
2018-05-16,215649239,932799917.33976,1160090706
2018-05-17,217550654,932799917.33976,1158804782
2018-05-18,217635662,932799917.33976,1159500306
2018-05-21,218022793,932799917.33976,1164739157
2018-05-22,218322769,932799917.33976,1160503707
2018-05-23,218078946,932799917.33976,1170554734
2018-05-24,217867339,932799917.33976,1167056238
2018-05-25,218131675,932799917.33976,1162408272
2018-05-28,218334333,932799917.33976,1162408272
2018-05-29,216396581,932799917.33976,1152160940
2018-05-30,215917546,932799917.33976,1173873601
2018-05-31,216586012,979766410.2932,1171838594
2018-06-01,217047661,979766410.2932,1186719999
2018-06-04,218975719,979766410.2932,1198912181
2018-06-05,219245742,979766410.2932,1205578707
2018-06-06,219869566,979766410.2932,1247302366
2018-06-07,219694093,979766410.2932,1245900621
2018-06-08,219738932,979766410.2932,1248043314
2018-06-11,218359221,979766410.2932,1249841101
2018-06-12,219429915,979766410.2932,1255611705
2018-06-13,219069824,979766410.2932,1256446973
2018-06-14,219600942,979766410.2932,1260091621
2018-06-15,219311544,979766410.2932,1260549162
2018-06-18,218888382,979766410.2932,1259230045
2018-06-19,218869704,979766410.2932,1250763085
2018-06-20,220037069,979766410.2932,1266098740
2018-06-21,219337755,979766410.2932,1276175916
2018-06-22,219263555,979766410.2932,1279567503
2018-06-25,217186716,979766410.2932,1258162682
2018-06-26,216989252,979766410.2932,1263612943
2018-06-27,215410498,979766410.2932,1247745560
2018-06-28,214313290,979766410.2932,1276388007
2018-06-29,215326731,1001696928.44132,1281966860
2018-07-02,215326731,1001696928.44132,1288122669
2018-07-03,215326731,1001696928.44132,1277957630
2018-07-04,213765909,1001696928.44132,1277957630
2018-07-05,214632918,1001696928.44132,1290834227
2018-07-06,212822831,1001696928.44132,1309297103
2018-07-09,213611750,1001696928.44132,1311975738
2018-07-10,213641571,1001696928.44132,1318841918
2018-07-11,213246104,1001696928.44132,1314704467
2018-07-12,214545636,1001696928.44132,1332823334
2018-07-13,213532075,1001696928.44132,1337155250
2018-07-16,213612722,1001696928.44132,1332949642
2018-07-17,212693952,1001696928.44132,1343247243
2018-07-18,213533383,1001696928.44132,1349797725
2018-07-19,212869359.19,1001696928.44132,1348167035
2018-07-20,211941091.17,1001696928.44132,1351562258
2018-07-23,210989023.44,1001696928.44132,1352547975.29972
2018-07-24,210791328.52,1001696928.44132,1359703187.70851
2018-07-25,209857513.48,1001696928.44132,1378653810.45939
2018-07-26,208790574.46,1001696928.44132,1368239633.19324
2018-07-27,209151091.66,1001696928.44132,1359232755.30354
2018-07-30,207183660.85,1001696928.44132,1342063852.47875
2018-07-31,207573541.01,1002578442.25418,1348712674.20336
2018-08-01,207188665.93,1002578442.25418,1349073819.15014
2018-08-02,206406547.22,1002578442.25418,1360348116.32892
2018-08-03,207007498.71,1002578442.25418,1403101673.86284
2018-08-06,206624859.6,1002578442.25418,1413521083.82739
2018-08-07,206946550.32,1002578442.25418,1435060930.96184
2018-08-08,208013263.25,1002578442.25418,1445382854.08764
2018-08-09,208529453.19,1002578442.25418,1453408746.26443
2018-08-10,208299761.04,1002578442.25418,1483048431.63404
2018-08-13,208152074.13,1002578442.25418,1482232499.58917
2018-08-14,208718417.4,1002578442.25418,1496068174.167
2018-08-15,207571834.83,1002578442.25418,1483910868.50915
2018-08-16,208377032.1,1002578442.25418,1491656356.17717
2018-08-17,208927090.13,1002578442.25418,1508778696.45946
2018-08-20,209309624.53,1002578442.25418,1508936174.51729
2018-08-21,209810670.56,1002578442.25418,1514104581.45328
2018-08-22,210409457.24,1002578442.25418,1525701568.10714
2018-08-23,210696499.58,1002578442.25418,1524123420.57106
2018-08-24,211830633,1002578442.25418,1544470167.609
2018-08-27,212131683.33,1002578442.25418,1555837517.71465
2018-08-28,212519212.83,1002578442.25418,1561349409.86643
2018-08-29,212557029.45,1002578442.25418,1579769085.45785
2018-08-30,212681158.41,1002578442.25418,1572017955.41662
2018-08-31,212885261.33,1036351508.52252,1572562987.04948
2018-09-03,212558225.23,1036351508.52252,1572562987.04948
2018-09-04,212928101.9,1036351508.52252,1571108253.16426
2018-09-05,211591617.63,1036351508.52252,1557767996.08979
2018-09-06,211193509.95,1036351508.52252,1579987087.64716
2018-09-07,210337931.86,1036351508.52252,1582639992.86436
2018-09-10,209835283.6,1036351508.52252,1593021560.93735
2018-09-11,210610331.71,1036351508.52252,1605088191.03152
2018-09-12,210474061.14,1036351508.52252,1608207341.39269
2018-09-13,209710496.52,1036351508.52252,1619712747.64737
2018-09-14,209103178,1036351508.52252,1624583269.48078
2018-09-17,208326005.91,1036351508.52252,1609362782.03765
2018-09-18,209098631.81,1036351508.52252,1617455735.91254
2018-09-19,209220973.06,1036351508.52252,1619867697.97261
2018-09-20,209446214.6,1036351508.52252,1634190184.09715
2018-09-21,210103161.44,1036351508.52252,1630200830.59265
2018-09-24,209968004.42,1036351508.52252,1628633661.11176
2018-09-25,210366950.22,1036351508.52252,1631691770.61884
2018-09-26,210089777.25,1036351508.52252,1670090500.32747
2018-09-27,210436254.7,1036351508.52252,1675658862.19026
2018-09-28,210436254.7,965255791.99158,1675709354.01555
2018-10-01,207645425.43,965255791.99158,1677415733.03456
2018-10-02,207152841.13,965255791.99158,1669722126.27402
2018-10-03,207376708.9,965255791.99158,1672646501.66778
2018-10-04,204477454.99,965255791.99158,1651231924.33791
2018-10-05,202346303.65,965255791.99158,1645517614.71412
2018-10-08,200572730.19,965255791.99158,1633059306.64176
2018-10-09,197224111.03,965255791.99158,1625048991.07847
2018-10-10,194188833.91,965255791.99158,1563942461.50318
2018-10-11,190993901.38,965255791.99158,1548882989.36461
2018-10-12,193104682.92,965255791.99158,1573957212.29965
2018-10-15,192838753.6,965255791.99158,1560604480.01715
2018-10-16,195456443.1,965255791.99158,1594887448.02932
2018-10-17,195021465.19,965255791.99158,1591111329.0533
2018-10-18,195021465.19,965255791.99158,1564378439.94733
2018-10-19,190986271.7,965255791.99158,1572276295.67184
2018-10-22,189715018.83,965255791.99158,1568055100.07358
2018-10-23,185814960.51,965255791.99158,1559845350.29926
2018-10-24,182153836.88,965255791.99158,1494823676.09951
2018-10-25,182257004.06,965255791.99158,1528752254.05673
2018-10-26,182257004.06,965255791.99158,1495855517.67448
2018-10-29,179143816.58,965255791.99158,1484743816.67596
2018-10-30,179181013.7,965255791.99158,1488957942.70499
2018-10-31,183181533.93,784256914.1696,1513698124.8831
2018-11-01,185169409.45,784256914.1696,1537822745.23312
2018-11-02,188889493.9,784256914.1696,1530597759.80648
2018-11-05,189468955.77,784256914.1696,1528803643.66241
2018-11-06,190377115.56,784256914.1696,1539985727.49501
2018-11-07,192340546.95,784256914.1696,1580755340.83866
2018-11-08,189767582.94,784256914.1696,1573129610.63177
2018-11-09,188460246.88,784256914.1696,1541735876.11459
2018-11-12,187080291.26,784256914.1696,1507676929.8512
2018-11-13,184086075.16,784256914.1696,1507020906.708
2018-11-14,181119897.19,784256914.1696,1498338612.82157
2018-11-15,179766987.86,784256914.1696,1516269508.38719
2018-11-16,178945510.72,784256914.1696,1514798615.86513
2018-11-19,176756919.49,784256914.1696,1476877572.62584
2018-11-20,172470658.33,784256914.1696,1453645772.58537
2018-11-21,173803595.35,784256914.1696,1460542408.41292
2018-11-22,175054991.24,784256914.1696,1460542408.41292
2018-11-23,173828722.1,784256914.1696,1450628278.73333
2018-11-26,174581080.27,784256914.1696,1475694498.6463
2018-11-27,174345326.26,784256914.1696,1476298983.10371
2018-11-28,175660290.5,784256914.1696,1520806451.05909
2018-11-29,176876748.01,784256914.1696,1516291053.5649
2018-11-30,177800323.88,756904396.29538,1530348388.16782
2018-12-03,179342074.51,756904396.29538,1550976260.20753
2018-12-04,173451832.65,756904396.29538,1498383577.89572
2018-12-05,172628362.19,756904396.29538,1498383577.89572
2018-12-06,168617250.19,756904396.29538,1503488015.46197
2018-12-07,167794578.72,756904396.29538,1460916369.36839
2018-12-10,165057722.36,756904396.29538,1468850498.55324
2018-12-11,164556153.12,756904396.29538,1469508708.24035
2018-12-12,164958714.45,756904396.29538,1481940474.1257
2018-12-13,164655478.16,756904396.29538,1479918361.73088
2018-12-14,163166237.26,756904396.29538,1445489020.87704
2018-12-17,159754290.43,756904396.29538,1410731971.21297
2018-12-18,158893846.37,756904396.29538,1414584527.70832
2018-12-19,158017737.15,756904396.29538,1387159072.48821
2018-12-20,154803772.3,756904396.29538,1361991458.70069
2018-12-21,151475643.3,756904396.29538,1316599202.00287
2018-12-24,149654454.54,756904396.29538,1285913564.76518
2018-12-25,149654454.54,756904396.29538,1285913564.76518
2018-12-26,149642107.34,756904396.29538,1356323339.49426
2018-12-27,150837436.22,756904396.29538,1365458619.4112
2018-12-28,152213694.06,756904396.29538,1363609970.86917
2018-12-31,153911840.18,666367244.24661,1369875684.49183
2019-01-01,153911840.18,666367244.24661,1369875684.49183
2019-01-02,154280923.79,666367244.24661,1370301067.93633
2019-01-03,152379099.18,666367244.24661,1341812094.44457
2019-01-04,155054805.09,666367244.24661,1390612116.04487
2019-01-07,156495581.51,666367244.24661,1406901471.04886
2019-01-08,158135247.97,666367244.24661,1423397205.547
2019-01-09,160986673.34,666367244.24661,1439166623.69429
2019-01-10,161295070.61,666367244.24661,1439629352.16302
2019-01-11,161617454.49,666367244.24661,1438622471.34895
2019-01-14,159114262.65,666367244.24661,1427192866.90679
2019-01-15,159823672.11,666367244.24661,1447491629.29192
2019-01-16,160956488.32,666367244.24661,1446638970.8241
2019-01-17,161325807.05,666367244.24661,1464068446.35224
2019-01-18,162560796.29,666367244.24661,1457894900.20998
2019-01-21,162466705.6,666367244.24661,1457894900.20998
2019-01-22,157352235.91,666367244.24661,1437260920.34417
2019-01-23,156939893.37,666367244.24661,1439605920.76765
2019-01-24,157192495.63,666367244.24661,1434473729.86802
2019-01-25,158128165.83,666367244.24661,1451138440.36102
2019-01-28,157213453.26,666367244.24661,1430388686.79558
2019-01-29,157049078.07,666367244.24661,1427044223.2981
2019-01-30,158561227.04,666367244.24661,1453478381.3073
2019-01-31,159410917.48,717356166.1552,1471166713.49644
2019-02-01,160525520.62,717356166.1552,1465076649.461
2019-02-04,160310077.26,717356166.1552,1469569759.31875
2019-02-05,161201054.55,717356166.1552,1479949063.15341
2019-02-06,160710008.49,717356166.1552,1474327015.64524
2019-02-07,159624195.37,717356166.1552,1456357769.72917
2019-02-08,158502887.36,717356166.1552,1427991810.34965
2019-02-11,158302859.7,717356166.1552,1425309477.97837
2019-02-12,161149419.31,717356166.1552,1446756951.99815
2019-02-13,160539755.29,717356166.1552,1449728639.60851
2019-02-14,162171806.04,717356166.1552,1447444609.48063
2019-02-15,162119018.05,717356166.1552,1455226787.00188
2019-02-18,162485351.23,717356166.1552,1455226787.00188
2019-02-19,162437093.37,717356166.1552,1456447220.66226
2019-02-20,162575971.28,717356166.1552,1452782863.51311
2019-02-21,161620148.93,717356166.1552,1442984760.34631
2019-02-22,161013793.49,717356166.1552,1454614138.2009
2019-02-25,161645009.59,717356166.1552,1458703544.0618
2019-02-26,160770471.34,717356166.1552,1454985992.61336
2019-02-27,160639449.88,717356166.1552,1456570052.76151
2019-02-28,159650079.39,761880219.0772,1452635145.17662
2019-03-01,160402062.62,761880219.0772,1455714200.10718
2019-03-04,159686167.01,761880219.0772,1445235322.05709
2019-03-05,160016032.91,761880219.0772,1444674515.41551
2019-03-06,158348028.39,761880219.0772,1436787277.02506
2019-03-07,157036824.79,761880219.0772,1418681490.63922
2019-03-08,155289963.76,761880219.0772,1415074968.35625
2019-03-11,155853789.43,761880219.0772,1441604450.71527
2019-03-12,155928613.25,761880219.0772,1444117444.61005
2019-03-13,155665610.16,761880219.0772,1453712300.34032
2019-03-14,155665610.16,761880219.0772,1470635789.79169
2019-03-15,154461382.11,761880219.0772,1477246694.50263
2019-03-18,154930867.66,761880219.0772,1484155013.95676
2019-03-19,154756984.48,761880219.0772,1470521851.57068
2019-03-20,154257834.18,761880219.0772,1456615429.2366
2019-03-21,154543104.15,761880219.0772,1465607536.08558
2019-03-22,152041717.42,761880219.0772,1431511143.9415
2019-03-25,149440734.55,761880219.0772,1428453386.97794
2019-03-26,149653034.22,761880219.0772,1438952704.80633
2019-03-27,149069164.94,761880219.0772,1427891234.69775
2019-03-28,148294666.45,761880219.0772,1435081205.38572
2019-03-29,148400960.71,754821795.167,1448008548.9758
2019-04-01,149418957.03,754821795.167,1463062842.08816
2019-04-02,149213795.14,754821795.167,1469543194.79593
2019-04-03,149213795.14,754821795.167,1477693207.99411
2019-04-04,149600146.78,754821795.167,1483398417.02753
2019-04-05,150606675.25,754821795.167,1495227128.72506
2019-04-08,150606675.25,754821795.167,1502198786
2019-04-09,150606675.25,754821795.167,1496270510
2019-04-10,150606675.25,754821795.167,1477991931
2019-04-11,150139827.64,754821795.167,1465554281
2019-04-12,151224899.79,754821795.167,1475667174
2019-04-15,150807827.75,754821795.167,1477236463
2019-04-16,151021251.51,754821795.167,1479736489
2019-04-17,150760827.76,754821795.167,1478689492
2019-04-18,150732578.18,754821795.167,1482606265
2019-04-19,150592200.16,754821795.167,1482606265
2019-04-22,150439557.38,754821795.167,1486786561
2019-04-23,151193489.94,754821795.167,1503823876
2019-04-24,151517511.67,754821795.167,1500113201
2019-04-25,150989995.98,754821795.167,1503644221
2019-04-26,150798564.17,754821795.167,1511826858
2019-04-29,151172789.17,754821795.167,1515551943
2019-04-30,151531596.73,773222521.39849,1514327141
2019-05-01,151531596.73,773222521.39849,1502021109
2019-05-02,150242347.74,773222521.39849,1499078885
2019-05-03,150995775.26,773222521.39849,1517288811
2019-05-06,149554556.83,773222521.39849,1511570851
2019-05-07,148013645.58,773222521.39849,1481494229
2019-05-08,148136784.46,773222521.39849,1480914712
2019-05-09,147502339.68,773222521.39849,1469464247
2019-05-10,147234556.9,773222521.39849,1472851846
2019-05-13,145110671.08,773222521.39849,1434139936
2019-05-14,145158466.18,773222521.39849,1449877583
2019-05-15,145807286.5,773222521.39849,1459377371
2019-05-16,146209692.14,773222521.39849,1475154260
2019-05-17,146117326.47,773222521.39849,1466237955
2019-05-20,145488752.45,773222521.39849,1453236347
2019-05-21,145896958.67,773222521.39849,1473001676
2019-05-22,146318091.6,773222521.39849,1467916346
2019-05-23,144423901.8,773222521.39849,1444595723
2019-05-24,143899277.63,773222521.39849,1442413432
2019-05-27,144396508.69,773222521.39849,1442413432
2019-05-28,144192292.91,773222521.39849,1432860747
2019-05-29,142962588.43,773222521.39849,1421286493
2019-05-30,143349364.05,773222521.39849,1420918563
2019-05-31,142369448.53,680182665.55536,1397322261
2019-06-03,141298036.74,680182665.55536,1372899846
2019-06-04,142430071.27,680182665.55536,1402254036
2019-06-05,142920759.6,680182665.55536,1410233921
2019-06-06,143112321.99,680182665.55536,1419508860
2019-06-07,144296826.34,680182665.55536,1438408930
2019-06-10,145027754.88,680182665.55536,1450425459
2019-06-11,145275575.42,680182665.55536,1450709084
2019-06-12,144901974.47,680182665.55536,1448669662
2019-06-13,145299980.93,680182665.55536,1454684196
2019-06-14,144878545.01,680182665.55536,1450341289
2019-06-17,144603317.48,680182665.55536,1456868506
2019-06-18,145702277.4,680182665.55536,1472092906
2019-06-19,146471892.49,680182665.55536,1478337878
2019-06-20,146066313.12,680182665.55536,1497750263
2019-06-21,145642568.9,680182665.55536,1494401778
2019-06-24,145353735.42,680182665.55536,1487984583
2019-06-25,144124323.47,680182665.55536,1468497733
2019-06-26,143961338.53,680182665.55536,1471532055
2019-06-27,143798106.6,680182665.55536,1479190758
2019-06-28,144381898.6,693914761.36615,1487398095
2019-07-01,144454189.4,693914761.36615,1495832800
2019-07-02,145218352.02,693914761.36615,1502640455
2019-07-03,145728840.63,693914761.36615,1513344675
2019-07-04,145946579.94,693914761.36615,1513344675
2019-07-05,145947792.11,693914761.36615,1509011359
2019-07-08,144987600.72,693914761.36615,1501765446
2019-07-09,143762043.76,693914761.36615,1505592796
2019-07-10,143847537.23,693914761.36615,1513428010
2019-07-11,143834224.72,693914761.36615,1519929362
2019-07-12,144102436.81,693914761.36615,1528259610
2019-07-15,144263666.31,693914761.36615,1532774981
2019-07-16,143722453.34,693914761.36615,1527199571
2019-07-17,143262988.64,693914761.36615,1520934646
2019-07-18,142947911.43,693914761.36615,1523169427
2019-07-19,142131809.82,693914761.36615,1509730895
2019-07-22,141706405.02,693914761.36615,1517740993
2019-07-23,141987218.03,693914761.36615,1509522866
2019-07-24,142229625.45,693914761.36615,1517748648
2019-07-25,141649792.69,693914761.36615,1492999475
2019-07-26,142279083.17,693914761.36615,1505711713
2019-07-29,141510588.24,693914761.36615,1487569952
2019-07-30,140827526.8,693914761.36615,1483578501
2019-07-31,140391984.01,708528537.28146,1448515819
2019-08-01,139722255.46,708528537.28146,1430358326
2019-08-02,137404599.44,708528537.28146,1397120157
2019-08-05,135204926.03,708528537.28146,1350020041
2019-08-06,134080187.35,708528537.28146,1349622194
2019-08-07,133825541.67,708528537.28146,1352133242
2019-08-08,135104653.69,708528537.28146,1370498421
2019-08-09,134618727.38,708528537.28146,1360649252
2019-08-12,133010780.5,708528537.28146,1327382396
2019-08-13,133064103.48,708528537.28146,1350083854
2019-08-14,133064103.48,708528537.28146,1309448548
2019-08-15,129830053.9,708528537.28146,1316755112
2019-08-16,131002531.04,708528537.28146,1330887998
2019-08-19,131794745.22,708528537.28146,1343750710
2019-08-20,131470897.44,708528537.28146,1334239874
2019-08-21,132000373.04,708528537.28146,1341386643
2019-08-22,132229979.03,708528537.28146,1333466138
2019-08-23,130419234.92,708528537.28146,1298681167
2019-08-26,130505647.52,708528537.28146,1310217371
2019-08-27,129971427.52,708528537.28146,1306382115
2019-08-28,130315647.64,708528537.28146,1311852169
2019-08-29,131047130.46,708528537.28146,1331634088
2019-08-30,131362032.44,690480233.63778,1332187715
2019-09-02,131407119.55,690480233.63778,1332187715
2019-09-03,130630650.06,690480233.63778,1317466008
2019-09-04,130849007.95,690480233.63778,1332268107
2019-09-05,132442791.38,690480233.63778,1354344903
2019-09-06,131513595.32,690480233.63778,1354202183
2019-09-09,131406406.28,690480233.63778,1353235497
2019-09-10,130978641.1,690480233.63778,1349638987
2019-09-11,131821110.18,690480233.63778,1362214717
2019-09-12,131567560.06,690480233.63778,1366471251
2019-09-13,130551815.06,690480233.63778,1363560140
2019-09-16,130097298.2,690480233.63778,1359446412
2019-09-17,129541792.14,690480233.63778,1346983693
2019-09-18,130256919.53,690480233.63778,1344415673
2019-09-19,130399251.7,690480233.63778,1343268976
2019-09-20,130194170.36,690480233.63778,1336813144
2019-09-23,129317519.01,690480233.63778,1334033319
2019-09-24,128408757.27,690480233.63778,1314810318
2019-09-25,128131960.87,690480233.63778,1328737600
2019-09-26,128018756.6,690480233.63778,1322195113
2019-09-27,127566839.13,690480233.63778,1306313183
2019-09-30,126144330.01,694016219.32333,1317850005
2019-10-01,125073754.42,694016219.32333,1310341649
2019-10-02,123113873.48,694016219.32333,1300269901
2019-10-03,122669142.33,694016219.32333,1315084343
2019-10-04,123221108.12,694016219.32333,1332537113
2019-10-07,123125169.04,694016219.32333,1333432991
2019-10-08,122188992.46,694016219.32333,1318707887
2019-10-09,122673454.7,694016219.32333,1333493605
2019-10-10,123031776.72,694016219.32333,1340720337
2019-10-11,123756452.66,694016219.32333,1359740401
2019-10-14,123496079.05,694016219.32333,1359010574
2019-10-15,123999906.14,694016219.32333,1378327814
2019-10-16,123502241.44,694016219.32333,1374634605
2019-10-17,123564449.21,694016219.32333,1381550867
2019-10-18,123411890.07,694016219.32333,1369041932
2019-10-21,123790873.82,694016219.32333,1379866680
2019-10-22,123696600.93,694016219.32333,1368097809
2019-10-23,123721938.89,694016219.32333,1375581858
2019-10-24,123031657.5,694016219.32333,1384518806
2019-10-25,122068372.68,694016219.32333,1390571263
2019-10-28,122091656.46,694016219.32333,1403046384
2019-10-29,122010167.44,694016219.32333,1391553376
2019-10-30,121543318.44,694016219.32333,1396145734
2019-10-31,121161942.91,719718133.84275,1392454126
2019-11-01,121161942.91,719718133.84275,1404918472
2019-11-04,121161942.91,719718133.84275,1408098184
2019-11-05,123289399,719718133.84275,1406487856
2019-11-06,123640761.95,719718133.84275,1404558742
2019-11-07,123904546.17,719718133.84275,1410569472
2019-11-08,123305980.49,719718133.84275,1415013604
2019-11-11,122999242.87,719718133.84275,1412303242
2019-11-12,122993782.27,719718133.84275,1439206751
2019-11-13,123025209.36,719718133.84275,1440220780
2019-11-14,123008950.46,719718133.84275,1447593185
2019-11-15,123643375.48,719718133.84275,1466533147
2019-11-18,123461112.56,719718133.84275,1471106313
2019-11-19,122823820.58,719718133.84275,1476396716
2019-11-20,122823082.71,719718133.84275,1470048595
2019-11-21,122791776.56,719718133.84275,1469477501
2019-11-22,123023263.92,719718133.84275,1476031946
2019-11-25,124428227.99,719718133.84275,1494500509
2019-11-26,124587740.34,719718133.84275,1498335290
2019-11-27,125209622.18,719718133.84275,1506767724
2019-11-28,125428711.16,719718133.84275,1506767724
2019-11-29,125171060.37,756623066.6416,1506297866
2019-12-02,124430146.16,756623066.6416,1485743619
2019-12-03,123022110,756623066.6416,1476964478
2019-12-04,122810569.43,756623066.6416,1478556004
2019-12-05,123009556.16,756623066.6416,1476238143
2019-12-06,123887689.55,756623066.6416,1489350877
2019-12-09,123579509.57,756623066.6416,1486579508
2019-12-10,122989801.18,756623066.6416,1482840758
2019-12-11,122396956.49,756623066.6416,1488231802
2019-12-12,122359264.07,756623066.6416,1497777290
2019-12-13,123362438.61,756623066.6416,1496863196
2019-12-16,123353410.97,756623066.6416,1507316754
2019-12-17,123233757.78,756623066.6416,1510077488
2019-12-18,123784604.71,756623066.6416,1552490528
2019-12-19,123915608.89,756623066.6416,1560050806
2019-12-20,123504691.36,756623066.6416,1566599909
2019-12-23,123280912.9,756623066.6416,1570101405
2019-12-24,122887431.03,756623066.6416,1567448793
2019-12-25,122887431.03,756623066.6416,1567448793
2019-12-26,123130668,756623066.6416,1581058313
2019-12-27,123130668,756623066.6416,1580085851
2019-12-30,122137430.84,756623066.6416,1569457530
2019-12-31,122236267.36,769108979.81484,1572498127
2020-01-01,122236267.36,769108979.81484,1572498127
2020-01-02,122236267.36,769108979.81484,1573495676
2020-01-03,122479365.23,769108979.81484,1561998813
2020-01-06,122238362.57,769108979.81484,1571078829
2020-01-07,122296702.83,769108979.81484,1572614054
2020-01-08,122268693.73,769108979.81484,1573392356
2020-01-09,122721774.31,769108979.81484,1584972453
2020-01-10,122721774.31,769108979.81484,1583191792
2020-01-13,122687852.98,769108979.81484,1595018550
2020-01-14,123255093.18,769108979.81484,1589957595
2020-01-15,123135146.72,769108979.81484,1598105748
2020-01-16,123389309.55,769108979.81484,1617451503
2020-01-17,123720416.4,769108979.81484,1624352043
2020-01-20,123907152.75,769108979.81484,1624352043
2020-01-21,123638538.06,769108979.81484,1625523127
2020-01-22,123787515.81,769108979.81484,1625191327
2020-01-23,123191758.84,769108979.81484,1623029037
2020-01-24,122651804.43,769108979.81484,1606271295
2020-01-27,120518766.53,769108979.81484,1575654647
2020-01-28,121393287.66,769108979.81484,1595194599
2020-01-29,120877205.29,769108979.81484,1597741885
2020-01-30,119670192.9,769108979.81484,1593046371
2020-01-31,117695312.39,778832741.65068,1565606119
2020-02-03,118413630.08,778832741.65068,1582889228
2020-02-04,119389045.08,778832741.65068,1614223158
2020-02-05,120442247.8,778832741.65068,1620212111
2020-02-06,120668274.24,778832741.65068,1622679451
2020-02-07,119781889.62,778832741.65068,1615656809
2020-02-10,120355329.89,778832741.65068,1631869188
2020-02-11,120355329.89,778832741.65068,1634225518
2020-02-12,121242647.69,778832741.65068,1650866557
2020-02-13,122221619.29,778832741.65068,1651631607
2020-02-14,121776550.77,778832741.65068,1658531744
2020-02-17,122300092.87,778832741.65068,1658531744
2020-02-18,122146869.01,778832741.65068,1663235986
2020-02-19,122255000.26,778832741.65068,1674086592
2020-02-20,121141494.52,778832741.65068,1661613848
2020-02-21,119731210.15,778832741.65068,1636634492
2020-02-24,115976928.02,778832741.65068,1633660270
2020-02-25,114073183.89,778832741.65068,1584092843
2020-02-26,112361665.75,778832741.65068,1578989702
2020-02-27,109533541.93,778832741.65068,1525552926
2020-02-28,107056751.02,725349098.8474,1521006221
2020-03-02,108317310.49,725349098.8474,1574292685
2020-03-03,107257599.47,725349098.8474,1529111960
2020-03-04,108655829.54,725349098.8474,1592830746
2020-03-05,105311788.64,725349098.8474,1548837597
2020-03-06,103554686.97,725349098.8474,1521068907
2020-03-09,96082409.43,725349098.8474,1414441656
2020-03-10,97412045.18,725349098.8474,1488876880
2020-03-11,93126153.77,725349098.8474,1424691315
2020-03-12,82250026.93,725349098.8474,1293882510
2020-03-13,82530329.75,725349098.8474,1408325665
2020-03-16,82530329.75,725349098.8474,1233511198
2020-03-17,70916336.29,725349098.8474,1319536451
2020-03-18,66065869.35,725349098.8474,1269519376
2020-03-19,67913395.55,725349098.8474,1282174807
2020-03-20,69175814.12,725349098.8474,1233656098
2020-03-23,65713265.92,725349098.8474,1219458767
2020-03-24,72049433.37,725349098.8474,1324017841
2020-03-25,77858866.65,725349098.8474,1324283281
2020-03-26,79099337.93,725349098.8474,1392809916
2020-03-27,74633863.54,725349098.8474,1345739716
2020-03-30,75402657.34,725349098.8474,1391978672
2020-03-31,76559953.36,612076586.53073,1377788236
2020-04-01,72831463.99,612076586.53073,1323723722
2020-04-02,73129357.1,612076586.53073,1352913111
2020-04-03,71727877.66,612076586.53073,1333197693
2020-04-06,75110060.67,612076586.53073,1426259213
2020-04-07,78170541.28,612076586.53073,1430308033
2020-04-08,79257374,612076586.53073,1465486651
2020-04-09,79257374,612076586.53073,1473996873
2020-04-10,79257374,612076586.53073,1473996873
2020-04-13,79257374,612076586.53073,1483143226
2020-04-14,81324751.78,612076586.53073,1536760447
2020-04-15,80100908.07,612076586.53073,1526958067
2020-04-16,78734674.43,612076586.53073,1549068927
2020-04-17,80943852.92,612076586.53073,1558152715
2020-04-20,79840331.75,612076586.53073,1538270918
2020-04-21,77888116.57,612076586.53073,1497160622
2020-04-22,77884498.27,612076586.53073,1530877690
2020-04-23,78113936.24,612076586.53073,1529845258
2020-04-24,77993599.37,612076586.53073,1555059807
2020-04-27,79546482.84,612076586.53073,1570485777
2020-04-28,79888881.07,612076586.53073,1550529136
2020-04-29,84641068.57,612076586.53073,1599248339
2020-04-30,84641068.57,674734291.60976,1598026024
2020-05-01,82068729.31,674734291.60976,1553156866
2020-05-04,80738554.07,674734291.60976,1558849805
2020-05-05,81693064.81,674734291.60976,1567664126
2020-05-06,80967396.38,674734291.60976,1570167001
2020-05-07,83446821.05,674734291.60976,1588218134
2020-05-08,83446821.05,674734291.60976,1588218134
2020-05-11,83446821.05,674734291.60976,1588218134
2020-05-12,83446821.05,674734291.60976,1588218134
2020-05-13,83446821.05,674734291.60976,1588218134
2020-05-14,83446821.05,674734291.60976,1588218134
2020-05-15,83446821.05,674734291.60976,1588218134
2020-05-18,83446821.05,674734291.60976,1588218134
2020-05-19,83446821.05,674734291.60976,1588218134
2020-05-20,83446821.05,674734291.60976,1588218134
2020-05-21,83446821.05,674734291.60976,1588218134
2020-05-22,83446821.05,674734291.60976,1588218134
2020-05-25,83446821.05,674734291.60976,1588218134
2020-05-26,83446821.05,674734291.60976,1588218134
2020-05-27,83446821.05,674734291.60976,1588218134
2020-05-28,83446821.05,674734291.60976,1588218134
2020-05-29,87324951.59,723603382.41826,1675640851
2020-06-01,87324951.59,723603382.41826,1675640851
2020-06-02,87324951.59,723603382.41826,1675640851
2020-06-03,87324951.59,723603382.41826,1675640851
2020-06-04,87324951.59,723603382.41826,1675640851
2020-06-05,87324951.59,723603382.41826,1675640851
2020-06-08,87324951.59,723603382.41826,1675640851
2020-06-09,87324951.59,723603382.41826,1675640851
2020-06-10,87324951.59,723603382.41826,1675640851
2020-06-11,87324951.59,723603382.41826,1675640851
2020-06-12,87324951.59,723603382.41826,1675640851
2020-06-15,87324951.59,723603382.41826,1675640851
2020-06-16,87324951.59,723603382.41826,1675640851
2020-06-17,87324951.59,723603382.41826,1675640851
2020-06-18,87324951.59,723603382.41826,1675640851
2020-06-19,87324951.59,723603382.41826,1675640851
2020-06-22,87324951.59,723603382.41826,1675640851
2020-06-23,87324951.59,723603382.41826,1675640851
2020-06-24,87324951.59,723603382.41826,1675640851
2020-06-25,87324951.59,723603382.41826,1675640851
2020-06-26,87324951.59,723603382.41826,1675640851
2020-06-29,87324951.59,723603382.41826,1675640851
2020-06-30,87363331.65,731135551.14074,1656699672
2020-07-01,87363331.65,731135551.14074,1656699672
2020-07-02,87363331.65,731135551.14074,1656699672
2020-07-03,87363331.65,731135551.14074,1656699672
2020-07-06,87363331.65,731135551.14074,1656699672
2020-07-07,87363331.65,731135551.14074,1656699672
2020-07-08,87363331.65,731135551.14074,1656699672
2020-07-09,87363331.65,731135551.14074,1656699672
2020-07-10,87363331.65,731135551.14074,1656699672
2020-07-13,87363331.65,731135551.14074,1656699672
2020-07-14,87363331.65,731135551.14074,1656699672
2020-07-15,87363331.65,731135551.14074,1656699672
2020-07-16,87363331.65,731135551.14074,1656699672
2020-07-17,87363331.65,731135551.14074,1656699672
2020-07-20,87363331.65,731135551.14074,1656699672
2020-07-21,87363331.65,731135551.14074,1656699672
2020-07-22,87363331.65,731135551.14074,1656699672
2020-07-23,87363331.65,731135551.14074,1656699672
2020-07-24,87363331.65,731135551.14074,1656699672
2020-07-27,87363331.65,731135551.14074,1656699672
2020-07-28,87363331.65,731135551.14074,1656699672
2020-07-29,87363331.65,731135551.14074,1656699672
2020-07-30,87363331.65,731135551.14074,1656699672
2020-07-31,87091306.29,750948142.41763,1772003807
2020-08-03,87091306.29,750948142.41763,1772003807
2020-08-04,87091306.29,750948142.41763,1772003807
2020-08-05,87091306.29,750948142.41763,1772003807
2020-08-06,87091306.29,750948142.41763,1772003807
2020-08-07,87091306.29,750948142.41763,1772003807
2020-08-10,87091306.29,750948142.41763,1772003807
2020-08-11,87091306.29,750948142.41763,1772003807
2020-08-12,87091306.29,750948142.41763,1772003807
2020-08-13,87091306.29,750948142.41763,1772003807
2020-08-14,87091306.29,750948142.41763,1772003807
2020-08-17,87091306.29,750948142.41763,1772003807
2020-08-18,87091306.29,750948142.41763,1772003807
2020-08-19,87091306.29,750948142.41763,1772003807
2020-08-20,87091306.29,750948142.41763,1772003807
2020-08-21,87091306.29,750948142.41763,1772003807
2020-08-24,87091306.29,750948142.41763,1772003807
2020-08-25,87091306.29,750948142.41763,1772003807
2020-08-26,87091306.29,750948142.41763,1772003807
2020-08-27,87091306.29,750948142.41763,1772003807
2020-08-28,87091306.29,750948142.41763,1772003807
2020-08-31,90052599.56,787102451.14276,1910525628
2020-09-01,90052599.56,787102451.14276,1910525628
2020-09-02,90052599.56,787102451.14276,1910525628
2020-09-03,90052599.56,787102451.14276,1910525628
2020-09-04,90052599.56,787102451.14276,1910525628
2020-09-07,90052599.56,787102451.14276,1910525628
2020-09-08,90052599.56,787102451.14276,1910525628
2020-09-09,90052599.56,787102451.14276,1910525628
2020-09-10,90052599.56,787102451.14276,1910525628
2020-09-11,90052599.56,787102451.14276,1910525628
2020-09-14,90052599.56,787102451.14276,1910525628
2020-09-15,90052599.56,787102451.14276,1910525628
2020-09-16,90052599.56,787102451.14276,1910525628
2020-09-17,90052599.56,787102451.14276,1910525628
2020-09-18,90052599.56,787102451.14276,1910525628
2020-09-21,90052599.56,787102451.14276,1910525628
2020-09-22,90052599.56,787102451.14276,1910525628
2020-09-23,90052599.56,787102451.14276,1910525628
2020-09-24,90052599.56,787102451.14276,1910525628
2020-09-25,90052599.56,787102451.14276,1910525628
2020-09-28,90052599.56,787102451.14276,1910525628
2020-09-29,90052599.56,787102451.14276,1910525628
2020-09-30,82807340.59,750596631.26417,2109951092
2020-10-01,82807340.59,750596631.26417,2109951092
2020-10-02,82807340.59,750596631.26417,2109951092
2020-10-05,82807340.59,750596631.26417,2109951092
2020-10-06,82807340.59,750596631.26417,2109951092
2020-10-07,82807340.59,750596631.26417,2109951092
2020-10-08,82807340.59,750596631.26417,2109951092
2020-10-09,82807340.59,750596631.26417,2109951092
2020-10-12,82807340.59,750596631.26417,2109951092
2020-10-13,82807340.59,750596631.26417,2109951092
2020-10-14,82807340.59,750596631.26417,2109951092
2020-10-15,82807340.59,750596631.26417,2109951092
2020-10-16,82807340.59,750596631.26417,2109951092
2020-10-19,82807340.59,750596631.26417,2109951092
2020-10-20,82807340.59,750596631.26417,2109951092
2020-10-21,82807340.59,750596631.26417,2109951092
2020-10-22,82807340.59,750596631.26417,2109951092
2020-10-23,82807340.59,750596631.26417,2109951092
2020-10-26,82807340.59,750596631.26417,2109951092
2020-10-27,82807340.59,750596631.26417,2109951092
2020-10-28,82807340.59,750596631.26417,2109951092
2020-10-29,82807340.59,750596631.26417,2109951092
2020-10-30,86782390.6,728972840.50959,2024724847
2020-11-02,86782390.6,728972840.50959,2024724847
2020-11-03,86782390.6,728972840.50959,2024724847
2020-11-04,86782390.6,728972840.50959,2024724847
2020-11-05,86782390.6,728972840.50959,2024724847
2020-11-06,86782390.6,728972840.50959,2024724847
2020-11-09,86782390.6,728972840.50959,2024724847
2020-11-10,86782390.6,728972840.50959,2024724847
2020-11-11,86782390.6,728972840.50959,2024724847
2020-11-12,86782390.6,728972840.50959,2024724847
2020-11-13,86782390.6,728972840.50959,2024724847
2020-11-16,86782390.6,728972840.50959,2024724847
2020-11-17,86782390.6,728972840.50959,2024724847
2020-11-18,86782390.6,728972840.50959,2024724847
2020-11-19,86782390.6,728972840.50959,2024724847
2020-11-20,86782390.6,728972840.50959,2024724847
2020-11-23,86782390.6,728972840.50959,2024724847
2020-11-24,86782390.6,728972840.50959,2024724847
2020-11-25,86782390.6,728972840.50959,2024724847
2020-11-26,86782390.6,728972840.50959,2024724847
2020-11-27,86782390.6,728972840.50959,2024724847
2020-11-30,91873565.86,816983700.66742,2263865669
2020-12-01,91873565.86,816983700.66742,2263865669
2020-12-02,91873565.86,816983700.66742,2263865669
2020-12-03,91873565.86,816983700.66742,2263865669
2020-12-04,91873565.86,816983700.66742,2263865669
2020-12-07,91873565.86,816983700.66742,2263865669
2020-12-08,91873565.86,816983700.66742,2263865669
2020-12-09,91873565.86,816983700.66742,2263865669
2020-12-10,91873565.86,816983700.66742,2263865669
2020-12-11,91873565.86,816983700.66742,2263865669
2020-12-14,91873565.86,816983700.66742,2263865669
2020-12-15,91873565.86,816983700.66742,2263865669
2020-12-16,91873565.86,816983700.66742,2263865669
2020-12-17,91873565.86,816983700.66742,2263865669
2020-12-18,91873565.86,816983700.66742,2263865669
2020-12-21,91873565.86,816983700.66742,2263865669
2020-12-22,91873565.86,816983700.66742,2263865669
2020-12-23,91873565.86,816983700.66742,2263865669
2020-12-24,91873565.86,816983700.66742,2263865669
2020-12-25,91873565.86,816983700.66742,2263865669
2020-12-28,91873565.86,816983700.66742,2263865669
2020-12-29,91873565.86,816983700.66742,2263865669
2020-12-30,91873565.86,816983700.66742,2263865669
2020-12-31,97136638.97,875675801.94766,2369862617
2021-01-01,97136638.97,875675801.94766,2369862617
2021-01-04,97136638.97,875675801.94766,2369862617
2021-01-05,97136638.97,875675801.94766,2369862617
2021-01-06,97136638.97,875675801.94766,2369862617
2021-01-07,97136638.97,875675801.94766,2369862617
2021-01-08,97136638.97,875675801.94766,2369862617
2021-01-11,97136638.97,875675801.94766,2369862617
2021-01-12,97136638.97,875675801.94766,2369862617
2021-01-13,97136638.97,875675801.94766,2369862617
2021-01-14,97136638.97,875675801.94766,2369862617
2021-01-15,97136638.97,875675801.94766,2369862617
2021-01-18,97136638.97,875675801.94766,2369862617
2021-01-19,97136638.97,875675801.94766,2369862617
2021-01-20,97136638.97,875675801.94766,2369862617
2021-01-21,97136638.97,875675801.94766,2369862617
2021-01-22,97136638.97,875675801.94766,2369862617
2021-01-25,97136638.97,875675801.94766,2369862617
2021-01-26,97136638.97,875675801.94766,2369862617
2021-01-27,97136638.97,875675801.94766,2369862617
2021-01-28,97136638.97,875675801.94766,2369862617
2021-01-29,93201683.93,872080844.88303,2258141016
2021-02-01,93201683.93,872080844.88303,2258141016
2021-02-02,93201683.93,872080844.88303,2258141016
2021-02-03,93201683.93,872080844.88303,2258141016
2021-02-04,93201683.93,872080844.88303,2258141016
2021-02-05,93201683.93,872080844.88303,2258141016
2021-02-08,93201683.93,872080844.88303,2258141016
2021-02-09,93201683.93,872080844.88303,2258141016
2021-02-10,93201683.93,872080844.88303,2258141016
2021-02-11,93201683.93,872080844.88303,2258141016
2021-02-12,93201683.93,872080844.88303,2258141016
2021-02-15,93201683.93,872080844.88303,2258141016
2021-02-16,93201683.93,872080844.88303,2258141016
2021-02-17,93201683.93,872080844.88303,2258141016
2021-02-18,93201683.93,872080844.88303,2258141016
2021-02-19,93201683.93,872080844.88303,2258141016
2021-02-22,93201683.93,872080844.88303,2258141016
2021-02-23,93201683.93,872080844.88303,2258141016
2021-02-24,93201683.93,872080844.88303,2258141016
2021-02-25,93201683.93,872080844.88303,2258141016
2021-02-26,95880615.61,954273692.10655,2198251756
2021-03-01,95880615.61,954273692.10655,2198251756
2021-03-02,95880615.61,954273692.10655,2198251756
2021-03-03,95880615.61,954273692.10655,2198251756
2021-03-04,95880615.61,954273692.10655,2198251756
2021-03-05,95880615.61,954273692.10655,2198251756
2021-03-08,95880615.61,954273692.10655,2198251756
2021-03-09,95880615.61,954273692.10655,2198251756
2021-03-10,95880615.61,954273692.10655,2198251756
2021-03-11,95880615.61,954273692.10655,2198251756
2021-03-12,95880615.61,954273692.10655,2198251756
2021-03-15,95880615.61,954273692.10655,2198251756
2021-03-16,95880615.61,954273692.10655,2198251756
2021-03-17,95880615.61,954273692.10655,2198251756
2021-03-18,95880615.61,954273692.10655,2198251756
2021-03-19,95880615.61,954273692.10655,2198251756
2021-03-22,95880615.61,954273692.10655,2198251756
2021-03-23,95880615.61,954273692.10655,2198251756
2021-03-24,95880615.61,954273692.10655,2198251756
2021-03-25,95880615.61,954273692.10655,2198251756
2021-03-26,95880615.61,954273692.10655,2198251756
2021-03-29,95880615.61,954273692.10655,2198251756
2021-03-30,95880615.61,954273692.10655,2198251756
2021-03-31,102181826.12,1083643392.03856,2148942934
2021-04-01,102181826.12,1083643392.03856,2148942934
2021-04-02,102181826.12,1083643392.03856,2148942934
2021-04-05,102181826.12,1083643392.03856,2148942934
2021-04-06,102181826.12,1083643392.03856,2148942934
2021-04-07,102181826.12,1083643392.03856,2148942934
2021-04-08,102181826.12,1083643392.03856,2148942934
2021-04-09,102181826.12,1083643392.03856,2148942934
2021-04-12,102181826.12,1083643392.03856,2148942934
2021-04-13,102181826.12,1083643392.03856,2148942934
2021-04-14,102181826.12,1083643392.03856,2148942934
2021-04-15,102181826.12,1083643392.03856,2148942934
2021-04-16,102181826.12,1083643392.03856,2148942934
2021-04-19,102181826.12,1083643392.03856,2148942934
2021-04-20,102181826.12,1083643392.03856,2148942934
2021-04-21,102181826.12,1083643392.03856,2148942934
2021-04-22,102181826.12,1083643392.03856,2148942934
2021-04-23,102181826.12,1083643392.03856,2148942934
2021-04-26,102181826.12,1083643392.03856,2148942934
2021-04-27,102181826.12,1083643392.03856,2148942934
2021-04-28,102181826.12,1083643392.03856,2148942934
2021-04-29,102181826.12,1083643392.03856,2148942934
2021-04-30,105451455.76,1289765235.07995,2343159740
2021-05-03,105451455.76,1289765235.07995,2343159740
2021-05-04,105451455.76,1289765235.07995,2343159740
2021-05-05,105451455.76,1289765235.07995,2343159740
2021-05-06,105451455.76,1289765235.07995,2343159740
2021-05-07,105451455.76,1289765235.07995,2343159740
2021-05-10,105451455.76,1289765235.07995,2343159740
2021-05-11,105451455.76,1289765235.07995,2343159740
2021-05-12,105451455.76,1289765235.07995,2343159740
2021-05-13,105451455.76,1289765235.07995,2343159740
2021-05-14,105451455.76,1289765235.07995,2343159740
2021-05-17,105451455.76,1289765235.07995,2343159740
2021-05-18,105451455.76,1289765235.07995,2343159740
2021-05-19,105451455.76,1289765235.07995,2343159740
2021-05-20,105451455.76,1289765235.07995,2343159740
2021-05-21,105451455.76,1289765235.07995,2343159740
2021-05-24,105451455.76,1289765235.07995,2343159740
2021-05-25,105451455.76,1289765235.07995,2343159740
2021-05-26,105451455.76,1289765235.07995,2343159740
2021-05-27,105451455.76,1289765235.07995,2343159740
2021-05-28,105451455.76,1289765235.07995,2343159740
2021-05-31,110549460.93,1305460065.9191,2342308918
2021-06-01,110549460.93,1305460065.9191,2342308918
2021-06-02,110549460.93,1305460065.9191,2342308918
2021-06-03,110549460.93,1305460065.9191,2342308918
2021-06-04,110549460.93,1305460065.9191,2342308918
2021-06-07,110549460.93,1305460065.9191,2342308918
2021-06-08,110549460.93,1305460065.9191,2342308918
2021-06-09,110549460.93,1305460065.9191,2342308918
2021-06-10,110549460.93,1305460065.9191,2342308918
2021-06-11,110549460.93,1305460065.9191,2342308918
2021-06-14,110549460.93,1305460065.9191,2342308918
2021-06-15,110549460.93,1305460065.9191,2342308918
2021-06-16,110549460.93,1305460065.9191,2342308918
2021-06-17,110549460.93,1305460065.9191,2342308918
2021-06-18,110549460.93,1305460065.9191,2342308918
2021-06-21,110549460.93,1305460065.9191,2342308918
2021-06-22,110549460.93,1305460065.9191,2342308918
2021-06-23,110549460.93,1305460065.9191,2342308918
2021-06-24,110549460.93,1305460065.9191,2342308918
2021-06-25,110549460.93,1305460065.9191,2342308918
2021-06-28,110549460.93,1305460065.9191,2342308918
2021-06-29,110549460.93,1305460065.9191,2342308918
2021-06-30,118690291.18,1299283574.76586,2389879917
2021-07-01,118690291.18,1299283574.76586,2389879917
2021-07-02,118690291.18,1299283574.76586,2389879917
2021-07-05,118690291.18,1299283574.76586,2389879917
2021-07-06,118690291.18,1299283574.76586,2389879917
2021-07-07,118690291.18,1299283574.76586,2389879917
2021-07-08,118690291.18,1299283574.76586,2389879917
2021-07-09,118690291.18,1299283574.76586,2389879917
2021-07-12,118690291.18,1299283574.76586,2389879917
2021-07-13,118690291.18,1299283574.76586,2389879917
2021-07-14,118690291.18,1299283574.76586,2389879917
2021-07-15,118690291.18,1299283574.76586,2389879917
2021-07-16,118690291.18,1299283574.76586,2389879917
2021-07-19,118690291.18,1299283574.76586,2389879917
2021-07-20,118690291.18,1299283574.76586,2389879917
2021-07-21,118690291.18,1299283574.76586,2389879917
2021-07-22,118690291.18,1299283574.76586,2389879917
2021-07-23,118690291.18,1299283574.76586,2389879917
2021-07-26,118690291.18,1299283574.76586,2389879917
2021-07-27,118690291.18,1299283574.76586,2389879917
2021-07-28,118690291.18,1299283574.76586,2389879917
2021-07-29,118690291.18,1299283574.76586,2389879917
2021-07-30,130347436.71,1233756672.60709,2428936498
2021-08-02,130347436.71,1233756672.60709,2428936498
2021-08-03,130347436.71,1233756672.60709,2428936498
2021-08-04,130347436.71,1233756672.60709,2428936498
2021-08-05,130347436.71,1233756672.60709,2428936498
2021-08-06,130347436.71,1233756672.60709,2428936498
2021-08-09,130347436.71,1233756672.60709,2428936498
2021-08-10,130347436.71,1233756672.60709,2428936498
2021-08-11,130347436.71,1233756672.60709,2428936498
2021-08-12,130347436.71,1233756672.60709,2428936498
2021-08-13,130347436.71,1233756672.60709,2428936498
2021-08-16,130347436.71,1233756672.60709,2428936498
2021-08-17,130347436.71,1233756672.60709,2428936498
2021-08-18,130347436.71,1233756672.60709,2428936498
2021-08-19,130347436.71,1233756672.60709,2428936498
2021-08-20,130347436.71,1233756672.60709,2428936498
2021-08-23,130347436.71,1233756672.60709,2428936498
2021-08-24,130347436.71,1233756672.60709,2428936498
2021-08-25,130347436.71,1233756672.60709,2428936498
2021-08-26,130347436.71,1233756672.60709,2428936498
2021-08-27,130347436.71,1233756672.60709,2428936498
2021-08-30,130347436.71,1233756672.60709,2428936498
2021-08-31,140827268.82,1142146461.45273,2498539949
2021-09-01,140827268.82,1142146461.45273,2498539949
2021-09-02,140827268.82,1142146461.45273,2498539949
2021-09-03,140827268.82,1142146461.45273,2498539949
2021-09-06,140827268.82,1142146461.45273,2498539949
2021-09-07,140827268.82,1142146461.45273,2498539949
2021-09-08,140827268.82,1142146461.45273,2498539949
2021-09-09,140827268.82,1142146461.45273,2498539949
2021-09-10,140827268.82,1142146461.45273,2498539949
2021-09-13,140827268.82,1142146461.45273,2498539949
2021-09-14,140827268.82,1142146461.45273,2498539949
2021-09-15,140827268.82,1142146461.45273,2498539949
2021-09-16,140827268.82,1142146461.45273,2498539949
2021-09-17,140827268.82,1142146461.45273,2498539949
2021-09-20,140827268.82,1142146461.45273,2498539949
2021-09-21,140827268.82,1142146461.45273,2498539949
2021-09-22,140827268.82,1142146461.45273,2498539949
2021-09-23,140827268.82,1142146461.45273,2498539949
2021-09-24,140827268.82,1142146461.45273,2498539949
2021-09-27,140827268.82,1142146461.45273,2498539949
2021-09-28,140827268.82,1142146461.45273,2498539949
2021-09-29,140827268.82,1142146461.45273,2498539949
2021-09-30,143206782.09,1041861726.07742,1981604645.2346
2021-10-01,143206782.09,1041861726.07742,1981604645.2346
2021-10-04,143206782.09,1041861726.07742,1981604645.2346
2021-10-05,143206782.09,1041861726.07742,1981604645.2346
2021-10-06,143206782.09,1041861726.07742,1981604645.2346
2021-10-07,143206782.09,1041861726.07742,1981604645.2346
2021-10-08,143206782.09,1041861726.07742,1981604645.2346
2021-10-11,143206782.09,1041861726.07742,1981604645.2346
2021-10-12,143206782.09,1041861726.07742,1981604645.2346
2021-10-13,143206782.09,1041861726.07742,1981604645.2346
2021-10-14,143206782.09,1041861726.07742,1981604645.2346
2021-10-15,143206782.09,1041861726.07742,1981604645.2346
2021-10-18,143206782.09,1041861726.07742,1981604645.2346
2021-10-19,143206782.09,1041861726.07742,1981604645.2346
2021-10-20,143206782.09,1041861726.07742,1981604645.2346
2021-10-21,143206782.09,1041861726.07742,1981604645.2346
2021-10-22,143206782.09,1041861726.07742,1981604645.2346
2021-10-25,143206782.09,1041861726.07742,1981604645.2346
2021-10-26,143206782.09,1041861726.07742,1981604645.2346
2021-10-27,143206782.09,1041861726.07742,1981604645.2346
2021-10-28,143206782.09,1041861726.07742,1981604645.2346
2021-10-29,146480052.15,1053926354.4645,2083611652.80624
2021-11-01,146480052.15,1053926354.4645,2083611652.80624
2021-11-02,146480052.15,1053926354.4645,2083611652.80624
2021-11-03,146480052.15,1053926354.4645,2083611652.80624
2021-11-04,146480052.15,1053926354.4645,2083611652.80624
2021-11-05,146480052.15,1053926354.4645,2083611652.80624
2021-11-08,146480052.15,1053926354.4645,2083611652.80624
2021-11-09,146480052.15,1053926354.4645,2083611652.80624
2021-11-10,146480052.15,1053926354.4645,2083611652.80624
2021-11-11,146480052.15,1053926354.4645,2083611652.80624
2021-11-12,146480052.15,1053926354.4645,2083611652.80624
2021-11-15,146480052.15,1053926354.4645,2083611652.80624
2021-11-16,146480052.15,1053926354.4645,2083611652.80624
2021-11-17,146480052.15,1053926354.4645,2083611652.80624
2021-11-18,146480052.15,1053926354.4645,2083611652.80624
2021-11-19,146480052.15,1053926354.4645,2083611652.80624
2021-11-22,146480052.15,1053926354.4645,2083611652.80624
2021-11-23,146480052.15,1053926354.4645,2083611652.80624
2021-11-24,146480052.15,1053926354.4645,2083611652.80624
2021-11-25,146480052.15,1053926354.4645,2083611652.80624
2021-11-26,146480052.15,1053926354.4645,2083611652.80624
2021-11-29,146480052.15,1053926354.4645,2083611652.80624
2021-11-30,142128005.65,997047942.278798,2077013211.30359
2021-12-01,142128005.65,997047942.278798,2077013211.30359
2021-12-02,142128005.65,997047942.278798,2077013211.30359
2021-12-03,142128005.65,997047942.278798,2077013211.30359
2021-12-06,142128005.65,997047942.278798,2077013211.30359
2021-12-07,142128005.65,997047942.278798,2077013211.30359
2021-12-08,142128005.65,997047942.278798,2077013211.30359
2021-12-09,142128005.65,997047942.278798,2077013211.30359
2021-12-10,142128005.65,997047942.278798,2077013211.30359
2021-12-13,142128005.65,997047942.278798,2077013211.30359
2021-12-14,142128005.65,997047942.278798,2077013211.30359
2021-12-15,142128005.65,997047942.278798,2077013211.30359
2021-12-16,142128005.65,997047942.278798,2077013211.30359
2021-12-17,142128005.65,997047942.278798,2077013211.30359
2021-12-20,142128005.65,997047942.278798,2077013211.30359
2021-12-21,142128005.65,997047942.278798,2077013211.30359
2021-12-22,142128005.65,997047942.278798,2077013211.30359
2021-12-23,142128005.65,997047942.278798,2077013211.30359
2021-12-24,142128005.65,997047942.278798,2077013211.30359
2021-12-27,142128005.65,997047942.278798,2077013211.30359
2021-12-28,142128005.65,997047942.278798,2077013211.30359
2021-12-29,142128005.65,997047942.278798,2077013211.30359
2021-12-30,142128005.65,997047942.278798,2077013211.30359
2021-12-31,145620827.76,1023340361.04106,2128104424.08326
2022-01-03,145620827.76,1023340361.04106,2128104424.08326
2022-01-04,145620827.76,1023340361.04106,2128104424.08326
2022-01-05,145620827.76,1023340361.04106,2128104424.08326
2022-01-06,145620827.76,1023340361.04106,2128104424.08326
2022-01-07,145620827.76,1023340361.04106,2128104424.08326
2022-01-10,145620827.76,1023340361.04106,2128104424.08326
2022-01-11,145620827.76,1023340361.04106,2128104424.08326
2022-01-12,145620827.76,1023340361.04106,2128104424.08326
2022-01-13,145620827.76,1023340361.04106,2128104424.08326
2022-01-14,145620827.76,1023340361.04106,2128104424.08326
2022-01-17,145620827.76,1023340361.04106,2128104424.08326
2022-01-18,145620827.76,1023340361.04106,2128104424.08326
2022-01-19,145620827.76,1023340361.04106,2128104424.08326
2022-01-20,145620827.76,1023340361.04106,2128104424.08326
2022-01-21,145620827.76,1023340361.04106,2128104424.08326
2022-01-24,145620827.76,1023340361.04106,2128104424.08326
2022-01-25,145620827.76,1023340361.04106,2128104424.08326
2022-01-26,145620827.76,1023340361.04106,2128104424.08326
2022-01-27,145620827.76,1023340361.04106,2128104424.08326
2022-01-28,145620827.76,1023340361.04106,2128104424.08326
2022-01-31,135624531.66,959387644.599568,1935926698.3858
2022-02-01,135624531.66,959387644.599568,1935926698.3858
2022-02-02,135624531.66,959387644.599568,1935926698.3858
2022-02-03,135624531.66,959387644.599568,1935926698.3858
2022-02-04,135624531.66,959387644.599568,1935926698.3858
2022-02-07,135624531.66,959387644.599568,1935926698.3858
2022-02-08,135624531.66,959387644.599568,1935926698.3858
2022-02-09,135624531.66,959387644.599568,1935926698.3858
2022-02-10,135624531.66,959387644.599568,1935926698.3858
2022-02-11,135624531.66,959387644.599568,1935926698.3858
2022-02-14,135624531.66,959387644.599568,1935926698.3858
2022-02-15,135624531.66,959387644.599568,1935926698.3858
2022-02-16,135624531.66,959387644.599568,1935926698.3858
2022-02-17,135624531.66,959387644.599568,1935926698.3858
2022-02-18,135624531.66,959387644.599568,1935926698.3858
2022-02-21,135624531.66,959387644.599568,1935926698.3858
2022-02-22,135624531.66,959387644.599568,1935926698.3858
2022-02-23,135624531.66,959387644.599568,1935926698.3858
2022-02-24,135624531.66,959387644.599568,1935926698.3858
2022-02-25,135624531.66,959387644.599568,1935926698.3858
2022-02-28,128993941.87,960208611.496754,1777336689.7499
